CREATE DATABASE IF NOT EXISTS `cancerstatisticdb` /*!40100 DEFAULT CHARACTER SET utf8mb4 COLLATE utf8mb4_0900_ai_ci */ /*!80016 DEFAULT ENCRYPTION='N' */;
USE `cancerstatisticdb`;
-- MySQL dump 10.13  Distrib 8.0.34, for macos13 (arm64)
--
-- Host: 127.0.0.1    Database: cancerstatisticdb
-- ------------------------------------------------------
-- Server version	8.1.0

/*!40101 SET @OLD_CHARACTER_SET_CLIENT=@@CHARACTER_SET_CLIENT */;
/*!40101 SET @OLD_CHARACTER_SET_RESULTS=@@CHARACTER_SET_RESULTS */;
/*!40101 SET @OLD_COLLATION_CONNECTION=@@COLLATION_CONNECTION */;
/*!50503 SET NAMES utf8 */;
/*!40103 SET @OLD_TIME_ZONE=@@TIME_ZONE */;
/*!40103 SET TIME_ZONE='+00:00' */;
/*!40014 SET @OLD_UNIQUE_CHECKS=@@UNIQUE_CHECKS, UNIQUE_CHECKS=0 */;
/*!40014 SET @OLD_FOREIGN_KEY_CHECKS=@@FOREIGN_KEY_CHECKS, FOREIGN_KEY_CHECKS=0 */;
/*!40101 SET @OLD_SQL_MODE=@@SQL_MODE, SQL_MODE='NO_AUTO_VALUE_ON_ZERO' */;
/*!40111 SET @OLD_SQL_NOTES=@@SQL_NOTES, SQL_NOTES=0 */;

--
-- Table structure for table `activitylog`
--

DROP TABLE IF EXISTS `activitylog`;
/*!40101 SET @saved_cs_client     = @@character_set_client */;
/*!50503 SET character_set_client = utf8mb4 */;
CREATE TABLE `activitylog` (
  `logid` int NOT NULL AUTO_INCREMENT,
  `time_stamp` timestamp NOT NULL,
  `username` varchar(50) NOT NULL,
  `log_action` int NOT NULL,
  `log_description` varchar(200) NOT NULL,
  PRIMARY KEY (`logid`),
  KEY `username` (`username`),
  KEY `log_action` (`log_action`),
  CONSTRAINT `activitylog_ibfk_1` FOREIGN KEY (`username`) REFERENCES `users` (`username`) ON DELETE CASCADE ON UPDATE CASCADE,
  CONSTRAINT `activitylog_ibfk_2` FOREIGN KEY (`log_action`) REFERENCES `user_action` (`a_type`) ON DELETE CASCADE ON UPDATE CASCADE
) ENGINE=InnoDB DEFAULT CHARSET=utf8mb4 COLLATE=utf8mb4_0900_ai_ci;
/*!40101 SET character_set_client = @saved_cs_client */;

--
-- Dumping data for table `activitylog`
--

LOCK TABLES `activitylog` WRITE;
/*!40000 ALTER TABLE `activitylog` DISABLE KEYS */;
/*!40000 ALTER TABLE `activitylog` ENABLE KEYS */;
UNLOCK TABLES;

--
-- Table structure for table `cancertype`
--

DROP TABLE IF EXISTS `cancertype`;
/*!40101 SET @saved_cs_client     = @@character_set_client */;
/*!50503 SET character_set_client = utf8mb4 */;
CREATE TABLE `cancertype` (
  `name` varchar(64) NOT NULL,
  `description` varchar(200) NOT NULL,
  PRIMARY KEY (`name`)
) ENGINE=InnoDB DEFAULT CHARSET=utf8mb4 COLLATE=utf8mb4_0900_ai_ci;
/*!40101 SET character_set_client = @saved_cs_client */;

--
-- Dumping data for table `cancertype`
--

LOCK TABLES `cancertype` WRITE;
/*!40000 ALTER TABLE `cancertype` DISABLE KEYS */;
INSERT INTO `cancertype` VALUES ('All Types of Cancer','This is not a cancer type by itself but to represent every type of cancer out there.'),('Brain and Other Nervous System','Cancer type related and developed in the brain and other related nervous system.'),('Colon and Rectum','A cancer of the colon or rectum which may begin as noncancerous polyps.'),('Esophagus','Cancer of the tube that runs from the throat to the stomach (esophagus)'),('Hodgkin Lymphoma','Cancer of the part of the immune system called the lymphatic system'),('Stomach','Cancer that occurs in the stomach');
/*!40000 ALTER TABLE `cancertype` ENABLE KEYS */;
UNLOCK TABLES;

--
-- Table structure for table `deathrate`
--

DROP TABLE IF EXISTS `deathrate`;
/*!40101 SET @saved_cs_client     = @@character_set_client */;
/*!50503 SET character_set_client = utf8mb4 */;
CREATE TABLE `deathrate` (
  `id` int NOT NULL AUTO_INCREMENT,
  `state` varchar(64) NOT NULL,
  `cancertype` varchar(64) NOT NULL,
  `sex` varchar(50) NOT NULL,
  `race` varchar(50) NOT NULL,
  `year` int NOT NULL,
  `d_rate` float DEFAULT NULL,
  `death_count` int DEFAULT NULL,
  `population` int DEFAULT NULL,
  PRIMARY KEY (`id`),
  KEY `state` (`state`),
  KEY `cancertype` (`cancertype`),
  CONSTRAINT `deathrate_ibfk_1` FOREIGN KEY (`state`) REFERENCES `state` (`sname`) ON DELETE CASCADE ON UPDATE CASCADE,
  CONSTRAINT `deathrate_ibfk_2` FOREIGN KEY (`cancertype`) REFERENCES `cancertype` (`name`) ON DELETE CASCADE ON UPDATE CASCADE
) ENGINE=InnoDB AUTO_INCREMENT=1186 DEFAULT CHARSET=utf8mb4 COLLATE=utf8mb4_0900_ai_ci;
/*!40101 SET character_set_client = @saved_cs_client */;

--
-- Dumping data for table `deathrate`
--

LOCK TABLES `deathrate` WRITE;
/*!40000 ALTER TABLE `deathrate` DISABLE KEYS */;
INSERT INTO `deathrate` VALUES (1,'Puerto Rico','All Types of Cancer','Male and Female','All Races and Ethnicities',2020,103,5376,3281538),(2,'Utah','All Types of Cancer','Male and Female','All Races and Ethnicities',2020,119.7,3460,3249879),(3,'Hawaii','All Types of Cancer','Male and Female','All Races and Ethnicities',2020,123.5,2519,1407006),(4,'Colorado','All Types of Cancer','Male and Female','All Races and Ethnicities',2020,127.3,8251,5807719),(5,'Arizona','All Types of Cancer','Male and Female','All Races and Ethnicities',2020,127.3,12676,7421401),(6,'New York','All Types of Cancer','Male and Female','All Races and Ethnicities',2020,128.4,32955,19336776),(7,'New Mexico','All Types of Cancer','Male and Female','All Races and Ethnicities',2020,129.4,3649,2106319),(8,'California','All Types of Cancer','Male and Female','All Races and Ethnicities',2020,130.2,59778,39368078),(9,'New Jersey','All Types of Cancer','Male and Female','All Races and Ethnicities',2020,133.2,15576,8882371),(10,'Connecticut','All Types of Cancer','Male and Female','All Races and Ethnicities',2020,133.5,6638,3557006),(11,'Massachusetts','All Types of Cancer','Male and Female','All Races and Ethnicities',2020,135,12376,6893574),(12,'Florida','All Types of Cancer','Male and Female','All Races and Ethnicities',2020,135.5,45800,21733312),(13,'Wyoming','All Types of Cancer','Male and Female','All Races and Ethnicities',2020,136.3,1029,582328),(14,'Idaho','All Types of Cancer','Male and Female','All Races and Ethnicities',2020,136.6,3004,1826913),(15,'District of Columbia','All Types of Cancer','Male and Female','All Races and Ethnicities',2020,138.4,984,712816),(16,'Minnesota','All Types of Cancer','Male and Female','All Races and Ethnicities',2020,138.6,9944,5657342),(17,'Washington','All Types of Cancer','Male and Female','All Races and Ethnicities',2020,138.7,12796,7693612),(18,'North Dakota','All Types of Cancer','Male and Female','All Races and Ethnicities',2020,139.2,1308,765309),(19,'Texas','All Types of Cancer','Male and Female','All Races and Ethnicities',2020,139.9,42142,29360759),(20,'Montana','All Types of Cancer','Male and Female','All Races and Ethnicities',2020,141.2,2138,1080577),(21,'Rhode Island','All Types of Cancer','Male and Female','All Races and Ethnicities',2020,141.3,2076,1057125),(22,'Maryland','All Types of Cancer','Male and Female','All Races and Ethnicities',2020,142.3,10799,6055802),(23,'Nevada','All Types of Cancer','Male and Female','All Races and Ethnicities',2020,144.4,5450,3138259),(24,'New Hampshire','All Types of Cancer','Male and Female','All Races and Ethnicities',2020,145.1,2826,1366275),(25,'Oregon','All Types of Cancer','Male and Female','All Races and Ethnicities',2020,145.6,8283,4241507),(26,'Alaska','All Types of Cancer','Male and Female','All Races and Ethnicities',2020,145.7,1043,731158),(27,'Virginia','All Types of Cancer','Male and Female','All Races and Ethnicities',2020,146.4,15498,8590563),(28,'Iowa','All Types of Cancer','Male and Female','All Races and Ethnicities',2020,147.3,6304,3163561),(29,'Nebraska','All Types of Cancer','Male and Female','All Races and Ethnicities',2020,147.4,3541,1937552),(30,'Georgia','All Types of Cancer','Male and Female','All Races and Ethnicities',2020,147.6,17827,10710017),(31,'North Carolina','All Types of Cancer','Male and Female','All Races and Ethnicities',2020,148.2,19996,10600823),(32,'South Dakota','All Types of Cancer','Male and Female','All Races and Ethnicities',2020,148.4,1730,892717),(33,'Wisconsin','All Types of Cancer','Male and Female','All Races and Ethnicities',2020,148.5,11654,5832655),(34,'Illinois','All Types of Cancer','Male and Female','All Races and Ethnicities',2020,150.5,24015,12587530),(35,'Delaware','All Types of Cancer','Male and Female','All Races and Ethnicities',2020,150.7,2141,986809),(36,'Kansas','All Types of Cancer','Male and Female','All Races and Ethnicities',2020,151.4,5538,2913805),(37,'Vermont','All Types of Cancer','Male and Female','All Races and Ethnicities',2020,151.5,1400,623347),(38,'Pennsylvania','All Types of Cancer','Male and Female','All Races and Ethnicities',2020,152.6,27954,12783254),(39,'South Carolina','All Types of Cancer','Male and Female','All Races and Ethnicities',2020,153.4,10786,5218040),(40,'Michigan','All Types of Cancer','Male and Female','All Races and Ethnicities',2020,157,21158,9966555),(41,'Missouri','All Types of Cancer','Male and Female','All Races and Ethnicities',2020,157.3,12907,6151548),(42,'Ohio','All Types of Cancer','Male and Female','All Races and Ethnicities',2020,158.5,24863,11693217),(43,'Louisiana','All Types of Cancer','Male and Female','All Races and Ethnicities',2020,159.4,9195,4645318),(44,'Alabama','All Types of Cancer','Male and Female','All Races and Ethnicities',2020,161,10456,4921532),(45,'Maine','All Types of Cancer','Male and Female','All Races and Ethnicities',2020,161.3,3432,1350141),(46,'Indiana','All Types of Cancer','Male and Female','All Races and Ethnicities',2020,162.5,13664,6754953),(47,'Arkansas','All Types of Cancer','Male and Female','All Races and Ethnicities',2020,163.4,6496,3030522),(48,'Tennessee','All Types of Cancer','Male and Female','All Races and Ethnicities',2020,164,14436,6886834),(49,'Oklahoma','All Types of Cancer','Male and Female','All Races and Ethnicities',2020,170.8,8368,3980783),(50,'Mississippi','All Types of Cancer','Male and Female','All Races and Ethnicities',2020,175.4,6582,2966786),(51,'West Virginia','All Types of Cancer','Male and Female','All Races and Ethnicities',2020,176.1,4725,1784787),(52,'Kentucky','All Types of Cancer','Male and Female','All Races and Ethnicities',2020,176.8,10181,4477251),(53,'District of Columbia','All Types of Cancer','Male and Female','White Non-Hispanic',2020,88.5,217,274011),(54,'Utah','All Types of Cancer','Male and Female','White Non-Hispanic',2020,121,3080,2564620),(55,'Colorado','All Types of Cancer','Male and Female','White Non-Hispanic',2020,128.5,6794,3988030),(56,'Arizona','All Types of Cancer','Male and Female','White Non-Hispanic',2020,130.6,9914,4075422),(57,'New Mexico','All Types of Cancer','Male and Female','White Non-Hispanic',2020,134.1,2054,783475),(58,'North Dakota','All Types of Cancer','Male and Female','White Non-Hispanic',2020,136.2,1212,646724),(59,'Connecticut','All Types of Cancer','Male and Female','White Non-Hispanic',2020,136.3,5550,2354601),(60,'Wyoming','All Types of Cancer','Male and Female','White Non-Hispanic',2020,137.1,956,493371),(61,'New York','All Types of Cancer','Male and Female','White Non-Hispanic',2020,137.2,23472,10800896),(62,'Minnesota','All Types of Cancer','Male and Female','White Non-Hispanic',2020,137.9,9128,4513407),(63,'Hawaii','All Types of Cancer','Male and Female','White Non-Hispanic',2020,138.6,716,305879),(64,'Idaho','All Types of Cancer','Male and Female','White Non-Hispanic',2020,138.6,2816,1512401),(65,'Massachusetts','All Types of Cancer','Male and Female','White Non-Hispanic',2020,138.7,10747,4934739),(66,'Alaska','All Types of Cancer','Male and Female','White Non-Hispanic',2020,139.5,730,461177),(67,'Montana','All Types of Cancer','Male and Female','White Non-Hispanic',2020,141.7,2016,942577),(68,'Maryland','All Types of Cancer','Male and Female','White Non-Hispanic',2020,143,6836,3065729),(69,'New Jersey','All Types of Cancer','Male and Female','White Non-Hispanic',2020,143,11574,4869242),(70,'California','All Types of Cancer','Male and Female','White Non-Hispanic',2020,143.1,35155,14721680),(71,'Washington','All Types of Cancer','Male and Female','White Non-Hispanic',2020,144.7,11113,5303363),(72,'Florida','All Types of Cancer','Male and Female','White Non-Hispanic',2020,145.1,33991,11730894),(73,'South Dakota','All Types of Cancer','Male and Female','White Non-Hispanic',2020,146,1593,734516),(74,'New Hampshire','All Types of Cancer','Male and Female','White Non-Hispanic',2020,146.7,2747,1235857),(75,'Wisconsin','All Types of Cancer','Male and Female','White Non-Hispanic',2020,147.4,10653,4747166),(76,'North Carolina','All Types of Cancer','Male and Female','White Non-Hispanic',2020,148.5,15140,6711126),(77,'Iowa','All Types of Cancer','Male and Female','White Non-Hispanic',2020,148.8,6041,2703472),(78,'Georgia','All Types of Cancer','Male and Female','White Non-Hispanic',2020,148.9,11925,5619010),(79,'Rhode Island','All Types of Cancer','Male and Female','White Non-Hispanic',2020,149.1,1904,761395),(80,'Virginia','All Types of Cancer','Male and Female','White Non-Hispanic',2020,149.6,11565,5337294),(81,'Nebraska','All Types of Cancer','Male and Female','White Non-Hispanic',2020,149.7,3264,1527461),(82,'Oregon','All Types of Cancer','Male and Female','White Non-Hispanic',2020,150.2,7626,3250213),(83,'South Carolina','All Types of Cancer','Male and Female','White Non-Hispanic',2020,150.9,7901,3361934),(84,'Texas','All Types of Cancer','Male and Female','White Non-Hispanic',2020,150.9,26669,12233845),(85,'Delaware','All Types of Cancer','Male and Female','White Non-Hispanic',2020,152,1660,613617),(86,'Pennsylvania','All Types of Cancer','Male and Female','White Non-Hispanic',2020,152.4,24193,9738852),(87,'Kansas','All Types of Cancer','Male and Female','White Non-Hispanic',2020,152.5,4914,2227690),(88,'Vermont','All Types of Cancer','Male and Female','White Non-Hispanic',2020,153,1374,583409),(89,'Louisiana','All Types of Cancer','Male and Female','White Non-Hispanic',2020,153.6,6057,2734948),(90,'Illinois','All Types of Cancer','Male and Female','White Non-Hispanic',2020,155.9,18416,7710316),(91,'Michigan','All Types of Cancer','Male and Female','White Non-Hispanic',2020,157.3,17842,7534869),(92,'Missouri','All Types of Cancer','Male and Female','White Non-Hispanic',2020,158.2,11360,4927676),(93,'Ohio','All Types of Cancer','Male and Female','White Non-Hispanic',2020,159.9,21714,9245719),(94,'Nevada','All Types of Cancer','Male and Female','White Non-Hispanic',2020,161.3,4065,1541542),(95,'Maine','All Types of Cancer','Male and Female','White Non-Hispanic',2020,162.1,3355,1267607),(96,'Alabama','All Types of Cancer','Male and Female','White Non-Hispanic',2020,162.8,7952,3250825),(97,'Tennessee','All Types of Cancer','Male and Female','White Non-Hispanic',2020,165.3,12192,5123255),(98,'Indiana','All Types of Cancer','Male and Female','White Non-Hispanic',2020,165.7,12310,5333871),(99,'Arkansas','All Types of Cancer','Male and Female','White Non-Hispanic',2020,166.3,5531,2209564),(100,'Mississippi','All Types of Cancer','Male and Female','White Non-Hispanic',2020,168.4,4267,1686946),(101,'Oklahoma','All Types of Cancer','Male and Female','White Non-Hispanic',2020,172,6884,2691420),(102,'West Virginia','All Types of Cancer','Male and Female','White Non-Hispanic',2020,178.8,4578,1658328),(103,'Kentucky','All Types of Cancer','Male and Female','White Non-Hispanic',2020,179.2,9395,3805077),(104,'Rhode Island','All Types of Cancer','Male and Female','Black Non-Hispanic',2020,121.6,74,73927),(105,'New York','All Types of Cancer','Male and Female','Black Non-Hispanic',2020,133.9,4487,2913569),(106,'Massachusetts','All Types of Cancer','Male and Female','Black Non-Hispanic',2020,137.6,672,548755),(107,'Oregon','All Types of Cancer','Male and Female','Black Non-Hispanic',2020,146.3,110,109691),(108,'Alaska','All Types of Cancer','Male and Female','Black Non-Hispanic',2020,147.3,30,31954),(109,'Florida','All Types of Cancer','Male and Female','Black Non-Hispanic',2020,147.6,4991,3491048),(110,'New Mexico','All Types of Cancer','Male and Female','Black Non-Hispanic',2020,147.9,69,48693),(111,'Connecticut','All Types of Cancer','Male and Female','Black Non-Hispanic',2020,148.1,562,396872),(112,'Hawaii','All Types of Cancer','Male and Female','Black Non-Hispanic',2020,152.4,29,37370),(113,'Colorado','All Types of Cancer','Male and Female','Black Non-Hispanic',2020,152.5,313,274547),(114,'Arizona','All Types of Cancer','Male and Female','Black Non-Hispanic',2020,153.4,458,383281),(115,'Nevada','All Types of Cancer','Male and Female','Black Non-Hispanic',2020,156.4,445,328591),(116,'Washington','All Types of Cancer','Male and Female','Black Non-Hispanic',2020,157,401,388158),(117,'New Jersey','All Types of Cancer','Male and Female','Black Non-Hispanic',2020,157.1,2005,1199960),(118,'Georgia','All Types of Cancer','Male and Female','Black Non-Hispanic',2020,160.5,5062,3490446),(119,'Utah','All Types of Cancer','Male and Female','Black Non-Hispanic',2020,160.8,34,49589),(120,'Minnesota','All Types of Cancer','Male and Female','Black Non-Hispanic',2020,161.5,360,438264),(121,'Maryland','All Types of Cancer','Male and Female','Black Non-Hispanic',2020,163,3275,1881723),(122,'North Carolina','All Types of Cancer','Male and Female','Black Non-Hispanic',2020,165.1,4071,2344295),(123,'Delaware','All Types of Cancer','Male and Female','Black Non-Hispanic',2020,167.6,393,229283),(124,'Alabama','All Types of Cancer','Male and Female','Black Non-Hispanic',2020,169,2358,1331864),(125,'Virginia','All Types of Cancer','Male and Female','Black Non-Hispanic',2020,170.8,3060,1721838),(126,'California','All Types of Cancer','Male and Female','Black Non-Hispanic',2020,171.2,4490,2449179),(127,'Texas','All Types of Cancer','Male and Female','Black Non-Hispanic',2020,172.8,5379,3699914),(128,'Indiana','All Types of Cancer','Male and Female','Black Non-Hispanic',2020,174.1,1034,709558),(129,'South Carolina','All Types of Cancer','Male and Female','Black Non-Hispanic',2020,175.2,2672,1407964),(130,'Kansas','All Types of Cancer','Male and Female','Black Non-Hispanic',2020,175.4,280,194504),(131,'Michigan','All Types of Cancer','Male and Female','Black Non-Hispanic',2020,175.9,2604,1456824),(132,'Ohio','All Types of Cancer','Male and Female','Black Non-Hispanic',2020,176.4,2728,1601597),(133,'Arkansas','All Types of Cancer','Male and Female','Black Non-Hispanic',2020,177.4,823,484875),(134,'West Virginia','All Types of Cancer','Male and Female','Black Non-Hispanic',2020,178.1,126,73412),(135,'Tennessee','All Types of Cancer','Male and Female','Black Non-Hispanic',2020,178.7,1957,1191073),(136,'Missouri','All Types of Cancer','Male and Female','Black Non-Hispanic',2020,179.5,1295,758249),(137,'Illinois','All Types of Cancer','Male and Female','Black Non-Hispanic',2020,180.5,3564,1851058),(138,'District of Columbia','All Types of Cancer','Male and Female','Black Non-Hispanic',2020,184.1,723,321426),(139,'Pennsylvania','All Types of Cancer','Male and Female','Black Non-Hispanic',2020,187.5,2730,1480541),(140,'Louisiana','All Types of Cancer','Male and Female','Black Non-Hispanic',2020,187.6,2877,1532912),(141,'Iowa','All Types of Cancer','Male and Female','Black Non-Hispanic',2020,188.1,129,148514),(142,'Kentucky','All Types of Cancer','Male and Female','Black Non-Hispanic',2020,190,682,401092),(143,'Oklahoma','All Types of Cancer','Male and Female','Black Non-Hispanic',2020,193.5,537,340848),(144,'Mississippi','All Types of Cancer','Male and Female','Black Non-Hispanic',2020,197.6,2231,1128396),(145,'Nebraska','All Types of Cancer','Male and Female','Black Non-Hispanic',2020,202.1,144,110002),(146,'Wisconsin','All Types of Cancer','Male and Female','Black Non-Hispanic',2020,220.5,630,410303),(147,'Ohio','All Types of Cancer','Male and Female','American Indian and Alaska Native Non-Hispanic',2020,50.1,22,30737),(148,'Missouri','All Types of Cancer','Male and Female','American Indian and Alaska Native Non-Hispanic',2020,51.3,24,34089),(149,'Texas','All Types of Cancer','Male and Female','American Indian and Alaska Native Non-Hispanic',2020,51.7,69,109182),(150,'Tennessee','All Types of Cancer','Male and Female','American Indian and Alaska Native Non-Hispanic',2020,53.4,17,21282),(151,'Georgia','All Types of Cancer','Male and Female','American Indian and Alaska Native Non-Hispanic',2020,53.4,17,28214),(152,'Arkansas','All Types of Cancer','Male and Female','American Indian and Alaska Native Non-Hispanic',2020,55.5,17,26105),(153,'Louisiana','All Types of Cancer','Male and Female','American Indian and Alaska Native Non-Hispanic',2020,64.8,24,32524),(154,'New York','All Types of Cancer','Male and Female','American Indian and Alaska Native Non-Hispanic',2020,65.9,55,71167),(155,'Florida','All Types of Cancer','Male and Female','American Indian and Alaska Native Non-Hispanic',2020,71.6,64,61702),(156,'Utah','All Types of Cancer','Male and Female','American Indian and Alaska Native Non-Hispanic',2020,72.7,18,33580),(157,'Maryland','All Types of Cancer','Male and Female','American Indian and Alaska Native Non-Hispanic',2020,75.5,19,18026),(158,'South Carolina','All Types of Cancer','Male and Female','American Indian and Alaska Native Non-Hispanic',2020,81.3,20,21050),(159,'Colorado','All Types of Cancer','Male and Female','American Indian and Alaska Native Non-Hispanic',2020,87.3,36,44138),(160,'Idaho','All Types of Cancer','Male and Female','American Indian and Alaska Native Non-Hispanic',2020,105.6,26,22566),(161,'Arizona','All Types of Cancer','Male and Female','American Indian and Alaska Native Non-Hispanic',2020,107.4,272,298906),(162,'Nevada','All Types of Cancer','Male and Female','American Indian and Alaska Native Non-Hispanic',2020,118,41,30440),(163,'New Mexico','All Types of Cancer','Male and Female','American Indian and Alaska Native Non-Hispanic',2020,121.6,212,189076),(164,'Virginia','All Types of Cancer','Male and Female','American Indian and Alaska Native Non-Hispanic',2020,127.2,41,26040),(165,'Mississippi','All Types of Cancer','Male and Female','American Indian and Alaska Native Non-Hispanic',2020,128.9,20,15491),(166,'Michigan','All Types of Cancer','Male and Female','American Indian and Alaska Native Non-Hispanic',2020,131.2,103,71190),(167,'North Carolina','All Types of Cancer','Male and Female','American Indian and Alaska Native Non-Hispanic',2020,133.6,187,124338),(168,'California','All Types of Cancer','Male and Female','American Indian and Alaska Native Non-Hispanic',2020,136.2,333,204845),(169,'Oregon','All Types of Cancer','Male and Female','American Indian and Alaska Native Non-Hispanic',2020,143.4,85,57722),(170,'Wisconsin','All Types of Cancer','Male and Female','American Indian and Alaska Native Non-Hispanic',2020,145,77,57560),(171,'Washington','All Types of Cancer','Male and Female','American Indian and Alaska Native Non-Hispanic',2020,157.2,172,113827),(172,'Montana','All Types of Cancer','Male and Female','American Indian and Alaska Native Non-Hispanic',2020,164.2,89,70695),(173,'Nebraska','All Types of Cancer','Male and Female','American Indian and Alaska Native Non-Hispanic',2020,167.6,23,17827),(174,'Maine','All Types of Cancer','Male and Female','American Indian and Alaska Native Non-Hispanic',2020,178.9,19,10480),(175,'Oklahoma','All Types of Cancer','Male and Female','American Indian and Alaska Native Non-Hispanic',2020,189.5,629,386285),(176,'Minnesota','All Types of Cancer','Male and Female','American Indian and Alaska Native Non-Hispanic',2020,199.6,106,68257),(177,'Kansas','All Types of Cancer','Male and Female','American Indian and Alaska Native Non-Hispanic',2020,202.8,47,28597),(178,'Alaska','All Types of Cancer','Male and Female','American Indian and Alaska Native Non-Hispanic',2020,214.9,204,120732),(179,'South Dakota','All Types of Cancer','Male and Female','American Indian and Alaska Native Non-Hispanic',2020,221.4,105,77413),(180,'North Dakota','All Types of Cancer','Male and Female','American Indian and Alaska Native Non-Hispanic',2020,242,62,42155),(181,'Ohio','All Types of Cancer','Male and Female','Asian and Pacific Islander Non-Hispanic',2020,68.7,159,327080),(182,'South Carolina','All Types of Cancer','Male and Female','Asian and Pacific Islander Non-Hispanic',2020,69.9,63,107031),(183,'Indiana','All Types of Cancer','Male and Female','Asian and Pacific Islander Non-Hispanic',2020,69.9,82,189988),(184,'Connecticut','All Types of Cancer','Male and Female','Asian and Pacific Islander Non-Hispanic',2020,71.2,105,182848),(185,'New Jersey','All Types of Cancer','Male and Female','Asian and Pacific Islander Non-Hispanic',2020,71.7,668,920832),(186,'Michigan','All Types of Cancer','Male and Female','Asian and Pacific Islander Non-Hispanic',2020,72.5,201,361567),(187,'Colorado','All Types of Cancer','Male and Female','Asian and Pacific Islander Non-Hispanic',2020,74.9,140,226757),(188,'Delaware','All Types of Cancer','Male and Female','Asian and Pacific Islander Non-Hispanic',2020,75.1,30,43348),(189,'Virginia','All Types of Cancer','Male and Female','Asian and Pacific Islander Non-Hispanic',2020,78.5,456,650090),(190,'Mississippi','All Types of Cancer','Male and Female','Asian and Pacific Islander Non-Hispanic',2020,78.7,26,35963),(191,'Alabama','All Types of Cancer','Male and Female','Asian and Pacific Islander Non-Hispanic',2020,79.3,54,82084),(192,'Missouri','All Types of Cancer','Male and Female','Asian and Pacific Islander Non-Hispanic',2020,79.9,96,155462),(193,'Rhode Island','All Types of Cancer','Male and Female','Asian and Pacific Islander Non-Hispanic',2020,81.9,24,40103),(194,'Kentucky','All Types of Cancer','Male and Female','Asian and Pacific Islander Non-Hispanic',2020,82.8,46,82010),(195,'Illinois','All Types of Cancer','Male and Female','Asian and Pacific Islander Non-Hispanic',2020,83.2,651,780438),(196,'District of Columbia','All Types of Cancer','Male and Female','Asian and Pacific Islander Non-Hispanic',2020,83.2,18,34413),(197,'Arizona','All Types of Cancer','Male and Female','Asian and Pacific Islander Non-Hispanic',2020,83.2,229,296873),(198,'North Carolina','All Types of Cancer','Male and Female','Asian and Pacific Islander Non-Hispanic',2020,83.8,212,368629),(199,'New Mexico','All Types of Cancer','Male and Female','Asian and Pacific Islander Non-Hispanic',2020,84,34,38983),(200,'Maryland','All Types of Cancer','Male and Female','Asian and Pacific Islander Non-Hispanic',2020,84.3,384,435887),(201,'Nebraska','All Types of Cancer','Male and Female','Asian and Pacific Islander Non-Hispanic',2020,85.7,30,56670),(202,'New York','All Types of Cancer','Male and Female','Asian and Pacific Islander Non-Hispanic',2020,86.3,1670,1812223),(203,'Florida','All Types of Cancer','Male and Female','Asian and Pacific Islander Non-Hispanic',2020,86.5,673,699931),(204,'Texas','All Types of Cancer','Male and Female','Asian and Pacific Islander Non-Hispanic',2020,86.9,1183,1625961),(205,'Washington','All Types of Cancer','Male and Female','Asian and Pacific Islander Non-Hispanic',2020,87.9,667,860719),(206,'Pennsylvania','All Types of Cancer','Male and Female','Asian and Pacific Islander Non-Hispanic',2020,88.6,370,507831),(207,'Massachusetts','All Types of Cancer','Male and Female','Asian and Pacific Islander Non-Hispanic',2020,89.7,368,526940),(208,'Georgia','All Types of Cancer','Male and Female','Asian and Pacific Islander Non-Hispanic',2020,91.2,364,504406),(209,'Iowa','All Types of Cancer','Male and Female','Asian and Pacific Islander Non-Hispanic',2020,91.6,44,94813),(210,'California','All Types of Cancer','Male and Female','Asian and Pacific Islander Non-Hispanic',2020,97.3,7608,6422594),(211,'Wisconsin','All Types of Cancer','Male and Female','Asian and Pacific Islander Non-Hispanic',2020,97.5,107,191873),(212,'Kansas','All Types of Cancer','Male and Female','Asian and Pacific Islander Non-Hispanic',2020,97.7,69,100776),(213,'Arkansas','All Types of Cancer','Male and Female','Asian and Pacific Islander Non-Hispanic',2020,97.9,41,66815),(214,'Nevada','All Types of Cancer','Male and Female','Asian and Pacific Islander Non-Hispanic',2020,98.4,387,313012),(215,'Tennessee','All Types of Cancer','Male and Female','Asian and Pacific Islander Non-Hispanic',2020,98.8,107,146814),(216,'New Hampshire','All Types of Cancer','Male and Female','Asian and Pacific Islander Non-Hispanic',2020,99,29,44067),(217,'Oregon','All Types of Cancer','Male and Female','Asian and Pacific Islander Non-Hispanic',2020,101.6,216,244045),(218,'Alaska','All Types of Cancer','Male and Female','Asian and Pacific Islander Non-Hispanic',2020,102.2,57,63739),(219,'Oklahoma','All Types of Cancer','Male and Female','Asian and Pacific Islander Non-Hispanic',2020,105.1,81,109743),(220,'Louisiana','All Types of Cancer','Male and Female','Asian and Pacific Islander Non-Hispanic',2020,106,92,92300),(221,'Utah','All Types of Cancer','Male and Female','Asian and Pacific Islander Non-Hispanic',2020,113.8,100,130443),(222,'Minnesota','All Types of Cancer','Male and Female','Asian and Pacific Islander Non-Hispanic',2020,114.2,205,315728),(223,'Idaho','All Types of Cancer','Male and Female','Asian and Pacific Islander Non-Hispanic',2020,114.8,31,34919),(224,'Hawaii','All Types of Cancer','Male and Female','Asian and Pacific Islander Non-Hispanic',2020,117.3,1630,912454),(225,'District of Columbia','All Types of Cancer','Male and Female','Hispanic',2020,55,26,81115),(226,'Kentucky','All Types of Cancer','Male and Female','Hispanic',2020,56.4,52,179277),(227,'Rhode Island','All Types of Cancer','Male and Female','Hispanic',2020,57.1,64,176471),(228,'Mississippi','All Types of Cancer','Male and Female','Hispanic',2020,62.5,34,99990),(229,'Alabama','All Types of Cancer','Male and Female','Hispanic',2020,63,70,226557),(230,'New Hampshire','All Types of Cancer','Male and Female','Hispanic',2020,70.5,24,57467),(231,'Maryland','All Types of Cancer','Male and Female','Hispanic',2020,76.9,280,654437),(232,'Louisiana','All Types of Cancer','Male and Female','Hispanic',2020,77.4,144,252634),(233,'Alaska','All Types of Cancer','Male and Female','Hispanic',2020,77.4,17,53556),(234,'North Carolina','All Types of Cancer','Male and Female','Hispanic',2020,79.1,373,1052435),(235,'Virginia','All Types of Cancer','Male and Female','Hispanic',2020,80,348,855301),(236,'Arkansas','All Types of Cancer','Male and Female','Hispanic',2020,80.6,81,243163),(237,'Nebraska','All Types of Cancer','Male and Female','Hispanic',2020,81.2,80,225592),(238,'Tennessee','All Types of Cancer','Male and Female','Hispanic',2020,81.5,153,404410),(239,'South Carolina','All Types of Cancer','Male and Female','Hispanic',2020,81.6,129,320061),(240,'Ohio','All Types of Cancer','Male and Female','Hispanic',2020,83.3,233,488084),(241,'Missouri','All Types of Cancer','Male and Female','Hispanic',2020,83.9,127,276072),(242,'Montana','All Types of Cancer','Male and Female','Hispanic',2020,84.2,23,44960),(243,'Massachusetts','All Types of Cancer','Male and Female','Hispanic',2020,85.7,445,867425),(244,'Georgia','All Types of Cancer','Male and Female','Hispanic',2020,87.9,456,1067941),(245,'Indiana','All Types of Cancer','Male and Female','Hispanic',2020,89,228,502475),(246,'Oregon','All Types of Cancer','Male and Female','Hispanic',2020,90.3,236,579836),(247,'New York','All Types of Cancer','Male and Female','Hispanic',2020,90.5,2969,3738921),(248,'Nevada','All Types of Cancer','Male and Female','Hispanic',2020,92.4,511,924674),(249,'New Jersey','All Types of Cancer','Male and Female','Hispanic',2020,92.4,1318,1874656),(250,'Iowa','All Types of Cancer','Male and Female','Hispanic',2020,92.5,75,205956),(251,'Washington','All Types of Cancer','Male and Female','Hispanic',2020,94.3,442,1027545),(252,'Minnesota','All Types of Cancer','Male and Female','Hispanic',2020,96.5,141,321686),(253,'Wisconsin','All Types of Cancer','Male and Female','Hispanic',2020,97.4,186,425753),(254,'Illinois','All Types of Cancer','Male and Female','Hispanic',2020,98.5,1355,2219748),(255,'Connecticut','All Types of Cancer','Male and Female','Hispanic',2020,99.5,393,612929),(256,'Florida','All Types of Cancer','Male and Female','Hispanic',2020,102.2,6068,5749737),(257,'Idaho','All Types of Cancer','Male and Female','Hispanic',2020,104.3,113,237272),(258,'Delaware','All Types of Cancer','Male and Female','Hispanic',2020,105.8,51,97078),(259,'Utah','All Types of Cancer','Male and Female','Hispanic',2020,109.3,228,471647),(260,'Pennsylvania','All Types of Cancer','Male and Female','Hispanic',2020,109.8,622,1032627),(261,'Arizona','All Types of Cancer','Male and Female','Hispanic',2020,110.7,1697,2366919),(262,'California','All Types of Cancer','Male and Female','Hispanic',2020,110.8,12103,15569780),(263,'Texas','All Types of Cancer','Male and Female','Hispanic',2020,111.5,8817,11691857),(264,'Kansas','All Types of Cancer','Male and Female','Hispanic',2020,115.3,199,362238),(265,'Oklahoma','All Types of Cancer','Male and Female','Hispanic',2020,115.8,227,452487),(266,'Michigan','All Types of Cancer','Male and Female','Hispanic',2020,119.4,356,542105),(267,'Colorado','All Types of Cancer','Male and Female','Hispanic',2020,123.3,953,1274247),(268,'New Mexico','All Types of Cancer','Male and Female','Hispanic',2020,125.8,1271,1046092),(269,'Wyoming','All Types of Cancer','Male and Female','Hispanic',2020,133.1,50,60279),(270,'Hawaii','All Types of Cancer','Male and Female','Hispanic',2020,187.7,117,147874),(271,'Puerto Rico','All Types of Cancer','Male','All Races and Ethnicities',2020,127.9,2948,1555294),(272,'Utah','All Types of Cancer','Male','All Races and Ethnicities',2020,136.5,1814,1637740),(273,'Arizona','All Types of Cancer','Male','All Races and Ethnicities',2020,146.9,6823,3685926),(274,'New York','All Types of Cancer','Male','All Races and Ethnicities',2020,148.6,16427,9390497),(275,'New Mexico','All Types of Cancer','Male','All Races and Ethnicities',2020,149.4,1922,1042459),(276,'Colorado','All Types of Cancer','Male','All Races and Ethnicities',2020,150.9,4367,2925887),(277,'Hawaii','All Types of Cancer','Male','All Races and Ethnicities',2020,151.4,1400,704366),(278,'California','All Types of Cancer','Male','All Races and Ethnicities',2020,152.6,31179,19577489),(279,'New Jersey','All Types of Cancer','Male','All Races and Ethnicities',2020,153.5,7709,4343049),(280,'District of Columbia','All Types of Cancer','Male','All Races and Ethnicities',2020,156.2,464,337932),(281,'Wyoming','All Types of Cancer','Male','All Races and Ethnicities',2020,156.9,560,296891),(282,'Connecticut','All Types of Cancer','Male','All Races and Ethnicities',2020,157.6,3392,1734920),(283,'North Dakota','All Types of Cancer','Male','All Races and Ethnicities',2020,158.6,678,391815),(284,'Florida','All Types of Cancer','Male','All Races and Ethnicities',2020,158.9,24662,10620180),(285,'Minnesota','All Types of Cancer','Male','All Races and Ethnicities',2020,159.9,5174,2818594),(286,'Idaho','All Types of Cancer','Male','All Races and Ethnicities',2020,160.8,1640,916124),(287,'Massachusetts','All Types of Cancer','Male','All Races and Ethnicities',2020,162.1,6374,3347032),(288,'Nevada','All Types of Cancer','Male','All Races and Ethnicities',2020,163.1,2908,1572640),(289,'Washington','All Types of Cancer','Male','All Races and Ethnicities',2020,163.4,6807,3853598),(290,'Montana','All Types of Cancer','Male','All Races and Ethnicities',2020,165.4,1173,544101),(291,'Maryland','All Types of Cancer','Male','All Races and Ethnicities',2020,167.1,5480,2932574),(292,'Texas','All Types of Cancer','Male','All Races and Ethnicities',2020,167.6,22601,14581051),(293,'Oregon','All Types of Cancer','Male','All Races and Ethnicities',2020,168.9,4340,2102461),(294,'Nebraska','All Types of Cancer','Male','All Races and Ethnicities',2020,169,1821,967813),(295,'Alaska','All Types of Cancer','Male','All Races and Ethnicities',2020,169.1,587,381537),(296,'New Hampshire','All Types of Cancer','Male','All Races and Ethnicities',2020,173.2,1540,676994),(297,'South Dakota','All Types of Cancer','Male','All Races and Ethnicities',2020,173.8,908,450659),(298,'Iowa','All Types of Cancer','Male','All Races and Ethnicities',2020,174.3,3318,1575695),(299,'Rhode Island','All Types of Cancer','Male','All Races and Ethnicities',2020,174.3,1093,514692),(300,'Virginia','All Types of Cancer','Male','All Races and Ethnicities',2020,175.3,8188,4227531),(301,'Georgia','All Types of Cancer','Male','All Races and Ethnicities',2020,177.5,9362,5201549),(302,'Wisconsin','All Types of Cancer','Male','All Races and Ethnicities',2020,177.5,6286,2903716),(303,'Illinois','All Types of Cancer','Male','All Races and Ethnicities',2020,177.6,12425,6185306),(304,'North Carolina','All Types of Cancer','Male','All Races and Ethnicities',2020,179.1,10582,5152582),(305,'Vermont','All Types of Cancer','Male','All Races and Ethnicities',2020,180.3,756,307992),(306,'Kansas','All Types of Cancer','Male','All Races and Ethnicities',2020,180.7,2972,1451540),(307,'Pennsylvania','All Types of Cancer','Male','All Races and Ethnicities',2020,181.7,14575,6267042),(308,'Delaware','All Types of Cancer','Male','All Races and Ethnicities',2020,183.6,1151,476740),(309,'Michigan','All Types of Cancer','Male','All Races and Ethnicities',2020,186.7,11195,4907813),(310,'South Carolina','All Types of Cancer','Male','All Races and Ethnicities',2020,187,5856,2523412),(311,'Missouri','All Types of Cancer','Male','All Races and Ethnicities',2020,188.2,6852,3017723),(312,'Ohio','All Types of Cancer','Male','All Races and Ethnicities',2020,191.1,13228,5732661),(313,'Indiana','All Types of Cancer','Male','All Races and Ethnicities',2020,193.1,7195,3331959),(314,'Maine','All Types of Cancer','Male','All Races and Ethnicities',2020,194.7,1865,661301),(315,'Louisiana','All Types of Cancer','Male','All Races and Ethnicities',2020,196,5000,2264160),(316,'Oklahoma','All Types of Cancer','Male','All Races and Ethnicities',2020,199.6,4424,1971181),(317,'Tennessee','All Types of Cancer','Male','All Races and Ethnicities',2020,199.6,7795,3358020),(318,'Arkansas','All Types of Cancer','Male','All Races and Ethnicities',2020,200.3,3609,1486856),(319,'Alabama','All Types of Cancer','Male','All Races and Ethnicities',2020,201.1,5738,2376966),(320,'Kentucky','All Types of Cancer','Male','All Races and Ethnicities',2020,209.3,5370,2205345),(321,'West Virginia','All Types of Cancer','Male','All Races and Ethnicities',2020,212.8,2623,884276),(322,'Mississippi','All Types of Cancer','Male','All Races and Ethnicities',2020,214.2,3522,1435815),(323,'District of Columbia','All Types of Cancer','Male','White Non-Hispanic',2020,89.3,106,136184),(324,'Utah','All Types of Cancer','Male','White Non-Hispanic',2020,136.9,1616,1287800),(325,'Arizona','All Types of Cancer','Male','White Non-Hispanic',2020,149.2,5383,2013357),(326,'Colorado','All Types of Cancer','Male','White Non-Hispanic',2020,151.1,3587,2002532),(327,'New Mexico','All Types of Cancer','Male','White Non-Hispanic',2020,153.7,1103,388022),(328,'Hawaii','All Types of Cancer','Male','White Non-Hispanic',2020,155.8,434,165651),(329,'North Dakota','All Types of Cancer','Male','White Non-Hispanic',2020,156.4,632,329651),(330,'New York','All Types of Cancer','Male','White Non-Hispanic',2020,157.9,11878,5287517),(331,'Wyoming','All Types of Cancer','Male','White Non-Hispanic',2020,159,523,250498),(332,'Minnesota','All Types of Cancer','Male','White Non-Hispanic',2020,160.1,4771,2239725),(333,'Alaska','All Types of Cancer','Male','White Non-Hispanic',2020,160.4,415,243723),(334,'Connecticut','All Types of Cancer','Male','White Non-Hispanic',2020,161.4,2866,1147913),(335,'New Jersey','All Types of Cancer','Male','White Non-Hispanic',2020,163.4,5740,2378225),(336,'Montana','All Types of Cancer','Male','White Non-Hispanic',2020,164,1101,475215),(337,'Idaho','All Types of Cancer','Male','White Non-Hispanic',2020,164.5,1550,755926),(338,'Massachusetts','All Types of Cancer','Male','White Non-Hispanic',2020,166.4,5542,2389132),(339,'Maryland','All Types of Cancer','Male','White Non-Hispanic',2020,166.4,3540,1501660),(340,'California','All Types of Cancer','Male','White Non-Hispanic',2020,167,18689,7365392),(341,'Florida','All Types of Cancer','Male','White Non-Hispanic',2020,168.5,18641,5745470),(342,'Washington','All Types of Cancer','Male','White Non-Hispanic',2020,169.3,5918,2647197),(343,'South Dakota','All Types of Cancer','Male','White Non-Hispanic',2020,171,840,369315),(344,'Nebraska','All Types of Cancer','Male','White Non-Hispanic',2020,172.9,1688,757498),(345,'Oregon','All Types of Cancer','Male','White Non-Hispanic',2020,174.5,4007,1600550),(346,'New Hampshire','All Types of Cancer','Male','White Non-Hispanic',2020,175.3,1498,610219),(347,'Wisconsin','All Types of Cancer','Male','White Non-Hispanic',2020,175.5,5736,2359757),(348,'Iowa','All Types of Cancer','Male','White Non-Hispanic',2020,177.2,3199,1336478),(349,'Virginia','All Types of Cancer','Male','White Non-Hispanic',2020,178,6189,2637408),(350,'North Carolina','All Types of Cancer','Male','White Non-Hispanic',2020,179,8122,3277105),(351,'Georgia','All Types of Cancer','Male','White Non-Hispanic',2020,179.1,6447,2759921),(352,'Nevada','All Types of Cancer','Male','White Non-Hispanic',2020,180.3,2214,784742),(353,'Kansas','All Types of Cancer','Male','White Non-Hispanic',2020,180.8,2623,1100210),(354,'South Carolina','All Types of Cancer','Male','White Non-Hispanic',2020,181.1,4311,1638616),(355,'Texas','All Types of Cancer','Male','White Non-Hispanic',2020,181.4,14590,6063778),(356,'Pennsylvania','All Types of Cancer','Male','White Non-Hispanic',2020,181.5,12703,4771029),(357,'Vermont','All Types of Cancer','Male','White Non-Hispanic',2020,182.7,744,287880),(358,'Illinois','All Types of Cancer','Male','White Non-Hispanic',2020,183.8,9603,3791759),(359,'Delaware','All Types of Cancer','Male','White Non-Hispanic',2020,185.6,909,296209),(360,'Louisiana','All Types of Cancer','Male','White Non-Hispanic',2020,185.8,3296,1343835),(361,'Rhode Island','All Types of Cancer','Male','White Non-Hispanic',2020,186.2,1012,367048),(362,'Michigan','All Types of Cancer','Male','White Non-Hispanic',2020,187.5,9563,3726688),(363,'Missouri','All Types of Cancer','Male','White Non-Hispanic',2020,189.7,6101,2422725),(364,'Ohio','All Types of Cancer','Male','White Non-Hispanic',2020,192.6,11625,4539731),(365,'Maine','All Types of Cancer','Male','White Non-Hispanic',2020,195.7,1823,619537),(366,'Indiana','All Types of Cancer','Male','White Non-Hispanic',2020,196.4,6498,2625007),(367,'Tennessee','All Types of Cancer','Male','White Non-Hispanic',2020,199.2,6595,2503449),(368,'Oklahoma','All Types of Cancer','Male','White Non-Hispanic',2020,201,3655,1322611),(369,'Alabama','All Types of Cancer','Male','White Non-Hispanic',2020,202.1,4425,1587080),(370,'Arkansas','All Types of Cancer','Male','White Non-Hispanic',2020,202.9,3085,1084007),(371,'Mississippi','All Types of Cancer','Male','White Non-Hispanic',2020,203.3,2299,826996),(372,'Kentucky','All Types of Cancer','Male','White Non-Hispanic',2020,213.1,4987,1865039),(373,'West Virginia','All Types of Cancer','Male','White Non-Hispanic',2020,215.8,2542,817264),(374,'Alaska','All Types of Cancer','Male','Black Non-Hispanic',2020,151.6,17,17809),(375,'New York','All Types of Cancer','Male','Black Non-Hispanic',2020,154.2,2015,1363338),(376,'Rhode Island','All Types of Cancer','Male','Black Non-Hispanic',2020,155.4,39,36978),(377,'Hawaii','All Types of Cancer','Male','Black Non-Hispanic',2020,158.2,18,22307),(378,'Connecticut','All Types of Cancer','Male','Black Non-Hispanic',2020,160.7,249,189556),(379,'Massachusetts','All Types of Cancer','Male','Black Non-Hispanic',2020,166.7,329,267259),(380,'Nevada','All Types of Cancer','Male','Black Non-Hispanic',2020,174.5,227,162628),(381,'Florida','All Types of Cancer','Male','Black Non-Hispanic',2020,176.9,2525,1680218),(382,'Oregon','All Types of Cancer','Male','Black Non-Hispanic',2020,179.8,64,58898),(383,'Minnesota','All Types of Cancer','Male','Black Non-Hispanic',2020,180.5,180,223543),(384,'New Mexico','All Types of Cancer','Male','Black Non-Hispanic',2020,181.4,42,27363),(385,'Colorado','All Types of Cancer','Male','Black Non-Hispanic',2020,183.8,171,146622),(386,'Arizona','All Types of Cancer','Male','Black Non-Hispanic',2020,188.9,252,197402),(387,'Washington','All Types of Cancer','Male','Black Non-Hispanic',2020,191,232,208860),(388,'New Jersey','All Types of Cancer','Male','Black Non-Hispanic',2020,192.5,954,568545),(389,'Georgia','All Types of Cancer','Male','Black Non-Hispanic',2020,197.5,2474,1628586),(390,'California','All Types of Cancer','Male','Black Non-Hispanic',2020,202.3,2257,1222455),(391,'Maryland','All Types of Cancer','Male','Black Non-Hispanic',2020,202.8,1590,877750),(392,'North Carolina','All Types of Cancer','Male','Black Non-Hispanic',2020,204.1,2044,1096046),(393,'Iowa','All Types of Cancer','Male','Black Non-Hispanic',2020,206.3,66,78636),(394,'Utah','All Types of Cancer','Male','Black Non-Hispanic',2020,207.3,21,28008),(395,'Delaware','All Types of Cancer','Male','Black Non-Hispanic',2020,207.7,196,108274),(396,'Michigan','All Types of Cancer','Male','Black Non-Hispanic',2020,210.5,1265,691951),(397,'Virginia','All Types of Cancer','Male','Black Non-Hispanic',2020,213.9,1561,827543),(398,'Texas','All Types of Cancer','Male','Black Non-Hispanic',2020,215.6,2755,1789746),(399,'Ohio','All Types of Cancer','Male','Black Non-Hispanic',2020,218.4,1389,769714),(400,'Alabama','All Types of Cancer','Male','Black Non-Hispanic',2020,218.5,1223,618075),(401,'Missouri','All Types of Cancer','Male','Black Non-Hispanic',2020,219,627,361116),(402,'Kentucky','All Types of Cancer','Male','Black Non-Hispanic',2020,221,336,199721),(403,'Indiana','All Types of Cancer','Male','Black Non-Hispanic',2020,221.4,528,343620),(404,'Kansas','All Types of Cancer','Male','Black Non-Hispanic',2020,221.7,151,100723),(405,'Illinois','All Types of Cancer','Male','Black Non-Hispanic',2020,222.6,1748,871362),(406,'District of Columbia','All Types of Cancer','Male','Black Non-Hispanic',2020,224.7,337,145364),(407,'Oklahoma','All Types of Cancer','Male','Black Non-Hispanic',2020,226.3,272,171058),(408,'Nebraska','All Types of Cancer','Male','Black Non-Hispanic',2020,226.6,74,56610),(409,'South Carolina','All Types of Cancer','Male','Black Non-Hispanic',2020,229.8,1427,655720),(410,'Pennsylvania','All Types of Cancer','Male','Black Non-Hispanic',2020,232.7,1338,714570),(411,'Arkansas','All Types of Cancer','Male','Black Non-Hispanic',2020,234.4,455,230345),(412,'Tennessee','All Types of Cancer','Male','Black Non-Hispanic',2020,238.1,1038,562474),(413,'Louisiana','All Types of Cancer','Male','Black Non-Hispanic',2020,246.5,1560,725480),(414,'West Virginia','All Types of Cancer','Male','Black Non-Hispanic',2020,250,75,39625),(415,'Mississippi','All Types of Cancer','Male','Black Non-Hispanic',2020,251.1,1179,529348),(416,'Wisconsin','All Types of Cancer','Male','Black Non-Hispanic',2020,292.2,353,202631),(417,'Texas','All Types of Cancer','Male','American Indian and Alaska Native Non-Hispanic',2020,57.1,36,54440),(418,'New York','All Types of Cancer','Male','American Indian and Alaska Native Non-Hispanic',2020,70.8,26,34395),(419,'Florida','All Types of Cancer','Male','American Indian and Alaska Native Non-Hispanic',2020,82.7,37,30648),(420,'Louisiana','All Types of Cancer','Male','American Indian and Alaska Native Non-Hispanic',2020,93.4,17,15933),(421,'Nevada','All Types of Cancer','Male','American Indian and Alaska Native Non-Hispanic',2020,108.6,16,14561),(422,'Colorado','All Types of Cancer','Male','American Indian and Alaska Native Non-Hispanic',2020,109,21,22018),(423,'Oregon','All Types of Cancer','Male','American Indian and Alaska Native Non-Hispanic',2020,131.6,36,28463),(424,'Arizona','All Types of Cancer','Male','American Indian and Alaska Native Non-Hispanic',2020,132.2,142,144658),(425,'New Mexico','All Types of Cancer','Male','American Indian and Alaska Native Non-Hispanic',2020,144.4,102,90399),(426,'Michigan','All Types of Cancer','Male','American Indian and Alaska Native Non-Hispanic',2020,144.7,54,34751),(427,'California','All Types of Cancer','Male','American Indian and Alaska Native Non-Hispanic',2020,156.1,174,100067),(428,'Virginia','All Types of Cancer','Male','American Indian and Alaska Native Non-Hispanic',2020,167.2,26,12985),(429,'North Carolina','All Types of Cancer','Male','American Indian and Alaska Native Non-Hispanic',2020,172,109,59591),(430,'Washington','All Types of Cancer','Male','American Indian and Alaska Native Non-Hispanic',2020,174.4,82,56041),(431,'Wisconsin','All Types of Cancer','Male','American Indian and Alaska Native Non-Hispanic',2020,197.4,44,28562),(432,'Kansas','All Types of Cancer','Male','American Indian and Alaska Native Non-Hispanic',2020,202.9,23,14085),(433,'Montana','All Types of Cancer','Male','American Indian and Alaska Native Non-Hispanic',2020,203.5,51,34915),(434,'Oklahoma','All Types of Cancer','Male','American Indian and Alaska Native Non-Hispanic',2020,230.9,343,189693),(435,'Minnesota','All Types of Cancer','Male','American Indian and Alaska Native Non-Hispanic',2020,232.4,52,33605),(436,'North Dakota','All Types of Cancer','Male','American Indian and Alaska Native Non-Hispanic',2020,245.1,29,20774),(437,'South Dakota','All Types of Cancer','Male','American Indian and Alaska Native Non-Hispanic',2020,266.4,53,38125),(438,'Alaska','All Types of Cancer','Male','American Indian and Alaska Native Non-Hispanic',2020,271.6,118,61032),(439,'Ohio','All Types of Cancer','Male','Asian and Pacific Islander Non-Hispanic',2020,56.1,60,158923),(440,'South Carolina','All Types of Cancer','Male','Asian and Pacific Islander Non-Hispanic',2020,73,27,50831),(441,'Michigan','All Types of Cancer','Male','Asian and Pacific Islander Non-Hispanic',2020,76.5,94,178955),(442,'Connecticut','All Types of Cancer','Male','Asian and Pacific Islander Non-Hispanic',2020,79.3,52,88696),(443,'New Jersey','All Types of Cancer','Male','Asian and Pacific Islander Non-Hispanic',2020,82.2,350,449320),(444,'Delaware','All Types of Cancer','Male','Asian and Pacific Islander Non-Hispanic',2020,84.6,16,21240),(445,'Missouri','All Types of Cancer','Male','Asian and Pacific Islander Non-Hispanic',2020,85.6,46,74736),(446,'North Carolina','All Types of Cancer','Male','Asian and Pacific Islander Non-Hispanic',2020,86.7,93,179237),(447,'Kansas','All Types of Cancer','Male','Asian and Pacific Islander Non-Hispanic',2020,87,28,49363),(448,'Virginia','All Types of Cancer','Male','Asian and Pacific Islander Non-Hispanic',2020,88.6,224,309172),(449,'Alaska','All Types of Cancer','Male','Asian and Pacific Islander Non-Hispanic',2020,89.8,23,30784),(450,'Indiana','All Types of Cancer','Male','Asian and Pacific Islander Non-Hispanic',2020,90,44,95381),(451,'Pennsylvania','All Types of Cancer','Male','Asian and Pacific Islander Non-Hispanic',2020,90.5,172,246257),(452,'Colorado','All Types of Cancer','Male','Asian and Pacific Islander Non-Hispanic',2020,90.7,68,105995),(453,'Kentucky','All Types of Cancer','Male','Asian and Pacific Islander Non-Hispanic',2020,92.2,23,39750),(454,'Florida','All Types of Cancer','Male','Asian and Pacific Islander Non-Hispanic',2020,92.4,309,324448),(455,'Arizona','All Types of Cancer','Male','Asian and Pacific Islander Non-Hispanic',2020,93.5,105,141290),(456,'Texas','All Types of Cancer','Male','Asian and Pacific Islander Non-Hispanic',2020,94.2,575,792342),(457,'Alabama','All Types of Cancer','Male','Asian and Pacific Islander Non-Hispanic',2020,95.8,27,38387),(458,'Georgia','All Types of Cancer','Male','Asian and Pacific Islander Non-Hispanic',2020,97.2,173,243933),(459,'Maryland','All Types of Cancer','Male','Asian and Pacific Islander Non-Hispanic',2020,97.5,195,207286),(460,'Arkansas','All Types of Cancer','Male','Asian and Pacific Islander Non-Hispanic',2020,98.9,18,33145),(461,'Illinois','All Types of Cancer','Male','Asian and Pacific Islander Non-Hispanic',2020,100.8,349,377191),(462,'Wisconsin','All Types of Cancer','Male','Asian and Pacific Islander Non-Hispanic',2020,101,49,93997),(463,'New York','All Types of Cancer','Male','Asian and Pacific Islander Non-Hispanic',2020,102.3,888,864793),(464,'Oklahoma','All Types of Cancer','Male','Asian and Pacific Islander Non-Hispanic',2020,103.5,31,52607),(465,'Nebraska','All Types of Cancer','Male','Asian and Pacific Islander Non-Hispanic',2020,104.3,17,27744),(466,'Iowa','All Types of Cancer','Male','Asian and Pacific Islander Non-Hispanic',2020,108.4,20,48121),(467,'Massachusetts','All Types of Cancer','Male','Asian and Pacific Islander Non-Hispanic',2020,109.3,200,252944),(468,'Nevada','All Types of Cancer','Male','Asian and Pacific Islander Non-Hispanic',2020,109.5,179,142436),(469,'Washington','All Types of Cancer','Male','Asian and Pacific Islander Non-Hispanic',2020,110.3,343,411553),(470,'Tennessee','All Types of Cancer','Male','Asian and Pacific Islander Non-Hispanic',2020,112.7,55,70065),(471,'California','All Types of Cancer','Male','Asian and Pacific Islander Non-Hispanic',2020,113.7,3835,3062540),(472,'Minnesota','All Types of Cancer','Male','Asian and Pacific Islander Non-Hispanic',2020,114.6,94,154614),(473,'Oregon','All Types of Cancer','Male','Asian and Pacific Islander Non-Hispanic',2020,124.7,107,114698),(474,'New Hampshire','All Types of Cancer','Male','Asian and Pacific Islander Non-Hispanic',2020,137.5,16,21128),(475,'Louisiana','All Types of Cancer','Male','Asian and Pacific Islander Non-Hispanic',2020,143.9,57,45424),(476,'Utah','All Types of Cancer','Male','Asian and Pacific Islander Non-Hispanic',2020,144.3,53,63793),(477,'Hawaii','All Types of Cancer','Male','Asian and Pacific Islander Non-Hispanic',2020,145.5,862,438520),(478,'Kentucky','All Types of Cancer','Male','Hispanic',2020,40.1,21,95904),(479,'Rhode Island','All Types of Cancer','Male','Hispanic',2020,41.7,24,88838),(480,'Mississippi','All Types of Cancer','Male','Hispanic',2020,60.3,17,55096),(481,'Nebraska','All Types of Cancer','Male','Hispanic',2020,69.5,32,117281),(482,'Iowa','All Types of Cancer','Male','Hispanic',2020,73.6,27,107197),(483,'Louisiana','All Types of Cancer','Male','Hispanic',2020,80.5,70,133488),(484,'Arkansas','All Types of Cancer','Male','Hispanic',2020,86,41,126568),(485,'Maryland','All Types of Cancer','Male','Hispanic',2020,86.2,141,337275),(486,'Virginia','All Types of Cancer','Male','Hispanic',2020,87.3,169,440423),(487,'Alabama','All Types of Cancer','Male','Hispanic',2020,88.7,48,118671),(488,'Missouri','All Types of Cancer','Male','Hispanic',2020,90.9,62,142172),(489,'North Carolina','All Types of Cancer','Male','Hispanic',2020,94.4,204,540603),(490,'Indiana','All Types of Cancer','Male','Hispanic',2020,94.7,117,258702),(491,'Tennessee','All Types of Cancer','Male','Hispanic',2020,98.8,87,211249),(492,'Minnesota','All Types of Cancer','Male','Hispanic',2020,99.2,74,167107),(493,'South Carolina','All Types of Cancer','Male','Hispanic',2020,101.1,78,167955),(494,'Washington','All Types of Cancer','Male','Hispanic',2020,102.3,231,529947),(495,'Ohio','All Types of Cancer','Male','Hispanic',2020,103.7,134,249314),(496,'Oregon','All Types of Cancer','Male','Hispanic',2020,105.4,123,299852),(497,'Georgia','All Types of Cancer','Male','Hispanic',2020,106.8,255,555478),(498,'New York','All Types of Cancer','Male','Hispanic',2020,106.9,1446,1840454),(499,'Nevada','All Types of Cancer','Male','Hispanic',2020,107.1,271,468273),(500,'New Jersey','All Types of Cancer','Male','Hispanic',2020,108.1,661,938398),(501,'Massachusetts','All Types of Cancer','Male','Hispanic',2020,110.3,229,429968),(502,'Illinois','All Types of Cancer','Male','Hispanic',2020,112.5,708,1132541),(503,'Idaho','All Types of Cancer','Male','Hispanic',2020,116,57,121980),(504,'Wisconsin','All Types of Cancer','Male','Hispanic',2020,117.4,103,218769),(505,'Oklahoma','All Types of Cancer','Male','Hispanic',2020,122.1,115,235212),(506,'Connecticut','All Types of Cancer','Male','Hispanic',2020,123.4,212,303872),(507,'Delaware','All Types of Cancer','Male','Hispanic',2020,124,28,49353),(508,'Florida','All Types of Cancer','Male','Hispanic',2020,126.1,3143,2839396),(509,'Utah','All Types of Cancer','Male','Hispanic',2020,127.3,115,241646),(510,'Arizona','All Types of Cancer','Male','Hispanic',2020,127.4,876,1189219),(511,'California','All Types of Cancer','Male','Hispanic',2020,130,6160,7827035),(512,'Texas','All Types of Cancer','Male','Hispanic',2020,131.6,4634,5880745),(513,'Montana','All Types of Cancer','Male','Hispanic',2020,131.9,16,22924),(514,'Wyoming','All Types of Cancer','Male','Hispanic',2020,136.3,25,31567),(515,'Michigan','All Types of Cancer','Male','Hispanic',2020,137.9,190,275468),(516,'Pennsylvania','All Types of Cancer','Male','Hispanic',2020,140.9,343,523854),(517,'New Mexico','All Types of Cancer','Male','Hispanic',2020,145.9,654,518903),(518,'Colorado','All Types of Cancer','Male','Hispanic',2020,150.2,507,648720),(519,'Kansas','All Types of Cancer','Male','Hispanic',2020,156.6,126,187159),(520,'Hawaii','All Types of Cancer','Male','Hispanic',2020,217.2,63,76090),(521,'Puerto Rico','All Types of Cancer','Female','All Races and Ethnicities',2020,84.5,2428,1726244),(522,'Hawaii','All Types of Cancer','Female','All Races and Ethnicities',2020,101.1,1119,702640),(523,'Utah','All Types of Cancer','Female','All Races and Ethnicities',2020,106.8,1646,1612139),(524,'Colorado','All Types of Cancer','Female','All Races and Ethnicities',2020,110.2,3884,2881832),(525,'Arizona','All Types of Cancer','Female','All Races and Ethnicities',2020,111,5853,3735475),(526,'New Mexico','All Types of Cancer','Female','All Races and Ethnicities',2020,113.9,1727,1063860),(527,'California','All Types of Cancer','Female','All Races and Ethnicities',2020,113.9,28599,19790589),(528,'New York','All Types of Cancer','Female','All Races and Ethnicities',2020,114.6,16528,9946279),(529,'Massachusetts','All Types of Cancer','Female','All Races and Ethnicities',2020,115.7,6002,3546542),(530,'Connecticut','All Types of Cancer','Female','All Races and Ethnicities',2020,116.4,3246,1822086),(531,'Florida','All Types of Cancer','Female','All Races and Ethnicities',2020,116.7,21138,11113132),(532,'Idaho','All Types of Cancer','Female','All Races and Ethnicities',2020,117.2,1364,910789),(533,'Rhode Island','All Types of Cancer','Female','All Races and Ethnicities',2020,118.8,983,542433),(534,'Texas','All Types of Cancer','Female','All Races and Ethnicities',2020,119,19541,14779708),(535,'New Jersey','All Types of Cancer','Female','All Races and Ethnicities',2020,119.6,7867,4539322),(536,'Wyoming','All Types of Cancer','Female','All Races and Ethnicities',2020,119.7,469,285437),(537,'Washington','All Types of Cancer','Female','All Races and Ethnicities',2020,120.2,5989,3840014),(538,'Montana','All Types of Cancer','Female','All Races and Ethnicities',2020,121.2,965,536476),(539,'Minnesota','All Types of Cancer','Female','All Races and Ethnicities',2020,122.8,4770,2838748),(540,'New Hampshire','All Types of Cancer','Female','All Races and Ethnicities',2020,123.9,1286,689281),(541,'North Dakota','All Types of Cancer','Female','All Races and Ethnicities',2020,124.8,630,373494),(542,'Maryland','All Types of Cancer','Female','All Races and Ethnicities',2020,125.2,5319,3123228),(543,'Alaska','All Types of Cancer','Female','All Races and Ethnicities',2020,125.4,456,349621),(544,'Virginia','All Types of Cancer','Female','All Races and Ethnicities',2020,125.6,7310,4363032),(545,'Delaware','All Types of Cancer','Female','All Races and Ethnicities',2020,125.9,990,510069),(546,'North Carolina','All Types of Cancer','Female','All Races and Ethnicities',2020,125.9,9414,5448241),(547,'Georgia','All Types of Cancer','Female','All Races and Ethnicities',2020,126.1,8465,5508468),(548,'Wisconsin','All Types of Cancer','Female','All Races and Ethnicities',2020,126.7,5368,2928939),(549,'District of Columbia','All Types of Cancer','Female','All Races and Ethnicities',2020,126.9,520,374884),(550,'Oregon','All Types of Cancer','Female','All Races and Ethnicities',2020,127.6,3943,2139046),(551,'Iowa','All Types of Cancer','Female','All Races and Ethnicities',2020,127.9,2986,1587866),(552,'South Carolina','All Types of Cancer','Female','All Races and Ethnicities',2020,128,4930,2694628),(553,'Nevada','All Types of Cancer','Female','All Races and Ethnicities',2020,128.7,2542,1565619),(554,'Kansas','All Types of Cancer','Female','All Races and Ethnicities',2020,129.1,2566,1462265),(555,'Vermont','All Types of Cancer','Female','All Races and Ethnicities',2020,129.5,644,315355),(556,'Illinois','All Types of Cancer','Female','All Races and Ethnicities',2020,131.2,11590,6402224),(557,'Nebraska','All Types of Cancer','Female','All Races and Ethnicities',2020,131.3,1720,969739),(558,'South Dakota','All Types of Cancer','Female','All Races and Ethnicities',2020,131.5,822,442058),(559,'Alabama','All Types of Cancer','Female','All Races and Ethnicities',2020,131.5,4718,2544566),(560,'Pennsylvania','All Types of Cancer','Female','All Races and Ethnicities',2020,131.7,13379,6516212),(561,'Louisiana','All Types of Cancer','Female','All Races and Ethnicities',2020,132.4,4195,2381158),(562,'Missouri','All Types of Cancer','Female','All Races and Ethnicities',2020,134.3,6055,3133825),(563,'Ohio','All Types of Cancer','Female','All Races and Ethnicities',2020,134.9,11635,5960556),(564,'Arkansas','All Types of Cancer','Female','All Races and Ethnicities',2020,135,2887,1543666),(565,'Maine','All Types of Cancer','Female','All Races and Ethnicities',2020,135.3,1567,688840),(566,'Michigan','All Types of Cancer','Female','All Races and Ethnicities',2020,135.3,9963,5058742),(567,'Tennessee','All Types of Cancer','Female','All Races and Ethnicities',2020,137.5,6641,3528814),(568,'Indiana','All Types of Cancer','Female','All Races and Ethnicities',2020,140.4,6469,3422994),(569,'West Virginia','All Types of Cancer','Female','All Races and Ethnicities',2020,147,2102,900511),(570,'Mississippi','All Types of Cancer','Female','All Races and Ethnicities',2020,147.2,3060,1530971),(571,'Oklahoma','All Types of Cancer','Female','All Races and Ethnicities',2020,148.9,3944,2009602),(572,'Kentucky','All Types of Cancer','Female','All Races and Ethnicities',2020,152.7,4811,2271906),(573,'District of Columbia','All Types of Cancer','Female','White Non-Hispanic',2020,88.4,111,137827),(574,'Utah','All Types of Cancer','Female','White Non-Hispanic',2020,108.6,1464,1276820),(575,'Colorado','All Types of Cancer','Female','White Non-Hispanic',2020,112.1,3207,1985498),(576,'Arizona','All Types of Cancer','Female','White Non-Hispanic',2020,114.9,4531,2062065),(577,'Idaho','All Types of Cancer','Female','White Non-Hispanic',2020,117.6,1266,756475),(578,'New Mexico','All Types of Cancer','Female','White Non-Hispanic',2020,117.9,951,395453),(579,'Connecticut','All Types of Cancer','Female','White Non-Hispanic',2020,118.3,2684,1206688),(580,'Massachusetts','All Types of Cancer','Female','White Non-Hispanic',2020,118.9,5205,2545607),(581,'Wyoming','All Types of Cancer','Female','White Non-Hispanic',2020,119.4,433,242873),(582,'Hawaii','All Types of Cancer','Female','White Non-Hispanic',2020,119.5,282,140228),(583,'Alaska','All Types of Cancer','Female','White Non-Hispanic',2020,120.5,315,217454),(584,'North Dakota','All Types of Cancer','Female','White Non-Hispanic',2020,121.4,580,317073),(585,'Minnesota','All Types of Cancer','Female','White Non-Hispanic',2020,121.4,4357,2273682),(586,'New York','All Types of Cancer','Female','White Non-Hispanic',2020,122.4,11594,5513379),(587,'Rhode Island','All Types of Cancer','Female','White Non-Hispanic',2020,123.4,892,394347),(588,'Montana','All Types of Cancer','Female','White Non-Hispanic',2020,123.6,915,467362),(589,'California','All Types of Cancer','Female','White Non-Hispanic',2020,125,16466,7356288),(590,'New Hampshire','All Types of Cancer','Female','White Non-Hispanic',2020,125.1,1249,625638),(591,'Florida','All Types of Cancer','Female','White Non-Hispanic',2020,125.2,15350,5985424),(592,'Maryland','All Types of Cancer','Female','White Non-Hispanic',2020,125.8,3296,1564069),(593,'North Carolina','All Types of Cancer','Female','White Non-Hispanic',2020,125.8,7018,3434021),(594,'Georgia','All Types of Cancer','Female','White Non-Hispanic',2020,125.8,5478,2859089),(595,'Wisconsin','All Types of Cancer','Female','White Non-Hispanic',2020,126.2,4917,2387409),(596,'Washington','All Types of Cancer','Female','White Non-Hispanic',2020,126.3,5195,2656166),(597,'Delaware','All Types of Cancer','Female','White Non-Hispanic',2020,126.3,751,317408),(598,'Texas','All Types of Cancer','Female','White Non-Hispanic',2020,127,12079,6170067),(599,'South Carolina','All Types of Cancer','Female','White Non-Hispanic',2020,127.2,3590,1723318),(600,'Iowa','All Types of Cancer','Female','White Non-Hispanic',2020,128.1,2842,1366994),(601,'Virginia','All Types of Cancer','Female','White Non-Hispanic',2020,128.3,5376,2699886),(602,'Louisiana','All Types of Cancer','Female','White Non-Hispanic',2020,129.2,2761,1391113),(603,'South Dakota','All Types of Cancer','Female','White Non-Hispanic',2020,129.2,753,365201),(604,'New Jersey','All Types of Cancer','Female','White Non-Hispanic',2020,129.3,5834,2491017),(605,'Vermont','All Types of Cancer','Female','White Non-Hispanic',2020,130.4,630,295529),(606,'Pennsylvania','All Types of Cancer','Female','White Non-Hispanic',2020,131.1,11490,4967823),(607,'Kansas','All Types of Cancer','Female','White Non-Hispanic',2020,131.2,2291,1127480),(608,'Oregon','All Types of Cancer','Female','White Non-Hispanic',2020,131.2,3619,1649663),(609,'Nebraska','All Types of Cancer','Female','White Non-Hispanic',2020,132.1,1576,769963),(610,'Alabama','All Types of Cancer','Female','White Non-Hispanic',2020,132.6,3527,1663745),(611,'Missouri','All Types of Cancer','Female','White Non-Hispanic',2020,134.2,5259,2504951),(612,'Michigan','All Types of Cancer','Female','White Non-Hispanic',2020,134.8,8279,3808181),(613,'Illinois','All Types of Cancer','Female','White Non-Hispanic',2020,135.7,8813,3918557),(614,'Maine','All Types of Cancer','Female','White Non-Hispanic',2020,135.9,1532,648070),(615,'Ohio','All Types of Cancer','Female','White Non-Hispanic',2020,136,10089,4705988),(616,'Arkansas','All Types of Cancer','Female','White Non-Hispanic',2020,137.7,2446,1125557),(617,'Tennessee','All Types of Cancer','Female','White Non-Hispanic',2020,139.4,5597,2619806),(618,'Mississippi','All Types of Cancer','Female','White Non-Hispanic',2020,142.4,1968,859950),(619,'Indiana','All Types of Cancer','Female','White Non-Hispanic',2020,143.3,5812,2708864),(620,'Nevada','All Types of Cancer','Female','White Non-Hispanic',2020,144.7,1851,756800),(621,'West Virginia','All Types of Cancer','Female','White Non-Hispanic',2020,149.4,2036,841064),(622,'Oklahoma','All Types of Cancer','Female','White Non-Hispanic',2020,149.7,3229,1368809),(623,'Kentucky','All Types of Cancer','Female','White Non-Hispanic',2020,153.7,4408,1940038),(624,'Rhode Island','All Types of Cancer','Female','Black Non-Hispanic',2020,101.3,35,36949),(625,'New Mexico','All Types of Cancer','Female','Black Non-Hispanic',2020,120,27,21330),(626,'Massachusetts','All Types of Cancer','Female','Black Non-Hispanic',2020,120.4,343,281496),(627,'New York','All Types of Cancer','Female','Black Non-Hispanic',2020,123.8,2472,1550231),(628,'Oregon','All Types of Cancer','Female','Black Non-Hispanic',2020,124.4,46,50793),(629,'West Virginia','All Types of Cancer','Female','Black Non-Hispanic',2020,127.3,51,33787),(630,'Arizona','All Types of Cancer','Female','Black Non-Hispanic',2020,127.6,206,185879),(631,'Florida','All Types of Cancer','Female','Black Non-Hispanic',2020,128.1,2466,1810830),(632,'Washington','All Types of Cancer','Female','Black Non-Hispanic',2020,128.7,169,179298),(633,'Colorado','All Types of Cancer','Female','Black Non-Hispanic',2020,131.5,142,127925),(634,'New Jersey','All Types of Cancer','Female','Black Non-Hispanic',2020,137.1,1051,631415),(635,'Georgia','All Types of Cancer','Female','Black Non-Hispanic',2020,137.9,2588,1861860),(636,'Alabama','All Types of Cancer','Female','Black Non-Hispanic',2020,138.7,1135,713789),(637,'Arkansas','All Types of Cancer','Female','Black Non-Hispanic',2020,139.3,368,254530),(638,'Connecticut','All Types of Cancer','Female','Black Non-Hispanic',2020,139.9,313,207316),(639,'South Carolina','All Types of Cancer','Female','Black Non-Hispanic',2020,140.4,1245,752244),(640,'North Carolina','All Types of Cancer','Female','Black Non-Hispanic',2020,140.4,2027,1248249),(641,'Maryland','All Types of Cancer','Female','Black Non-Hispanic',2020,140.8,1685,1003973),(642,'Delaware','All Types of Cancer','Female','Black Non-Hispanic',2020,141.3,197,121009),(643,'Nevada','All Types of Cancer','Female','Black Non-Hispanic',2020,141.9,218,165963),(644,'Tennessee','All Types of Cancer','Female','Black Non-Hispanic',2020,143.5,919,628599),(645,'Virginia','All Types of Cancer','Female','Black Non-Hispanic',2020,145,1499,894295),(646,'Texas','All Types of Cancer','Female','Black Non-Hispanic',2020,145.8,2624,1910168),(647,'Indiana','All Types of Cancer','Female','Black Non-Hispanic',2020,145.9,506,365938),(648,'Kansas','All Types of Cancer','Female','Black Non-Hispanic',2020,146.5,129,93781),(649,'Louisiana','All Types of Cancer','Female','Black Non-Hispanic',2020,149,1317,807432),(650,'Ohio','All Types of Cancer','Female','Black Non-Hispanic',2020,149.4,1339,831883),(651,'Minnesota','All Types of Cancer','Female','Black Non-Hispanic',2020,149.4,180,214721),(652,'California','All Types of Cancer','Female','Black Non-Hispanic',2020,151.6,2233,1226724),(653,'Michigan','All Types of Cancer','Female','Black Non-Hispanic',2020,153.8,1339,764873),(654,'Illinois','All Types of Cancer','Female','Black Non-Hispanic',2020,155.6,1816,979696),(655,'Missouri','All Types of Cancer','Female','Black Non-Hispanic',2020,156.4,668,397133),(656,'District of Columbia','All Types of Cancer','Female','Black Non-Hispanic',2020,160.9,386,176062),(657,'Pennsylvania','All Types of Cancer','Female','Black Non-Hispanic',2020,161,1392,765971),(658,'Mississippi','All Types of Cancer','Female','Black Non-Hispanic',2020,162,1052,599048),(659,'Oklahoma','All Types of Cancer','Female','Black Non-Hispanic',2020,171.2,265,169790),(660,'Wisconsin','All Types of Cancer','Female','Black Non-Hispanic',2020,171.5,277,207672),(661,'Kentucky','All Types of Cancer','Female','Black Non-Hispanic',2020,171.7,346,201371),(662,'Iowa','All Types of Cancer','Female','Black Non-Hispanic',2020,178.3,63,69878),(663,'Nebraska','All Types of Cancer','Female','Black Non-Hispanic',2020,182.6,70,53392),(664,'Texas','All Types of Cancer','Female','American Indian and Alaska Native Non-Hispanic',2020,46.9,33,54742),(665,'Florida','All Types of Cancer','Female','American Indian and Alaska Native Non-Hispanic',2020,62.5,27,31054),(666,'New York','All Types of Cancer','Female','American Indian and Alaska Native Non-Hispanic',2020,63.3,29,36772),(667,'Arizona','All Types of Cancer','Female','American Indian and Alaska Native Non-Hispanic',2020,91.2,130,154248),(668,'North Carolina','All Types of Cancer','Female','American Indian and Alaska Native Non-Hispanic',2020,104.5,78,64747),(669,'Wisconsin','All Types of Cancer','Female','American Indian and Alaska Native Non-Hispanic',2020,108,33,28998),(670,'New Mexico','All Types of Cancer','Female','American Indian and Alaska Native Non-Hispanic',2020,108.9,110,98677),(671,'California','All Types of Cancer','Female','American Indian and Alaska Native Non-Hispanic',2020,119.9,159,104778),(672,'Michigan','All Types of Cancer','Female','American Indian and Alaska Native Non-Hispanic',2020,122,49,36439),(673,'Idaho','All Types of Cancer','Female','American Indian and Alaska Native Non-Hispanic',2020,124.6,16,11308),(674,'Montana','All Types of Cancer','Female','American Indian and Alaska Native Non-Hispanic',2020,126.9,38,35780),(675,'Nevada','All Types of Cancer','Female','American Indian and Alaska Native Non-Hispanic',2020,129.2,25,15879),(676,'Washington','All Types of Cancer','Female','American Indian and Alaska Native Non-Hispanic',2020,146.3,90,57786),(677,'Oregon','All Types of Cancer','Female','American Indian and Alaska Native Non-Hispanic',2020,152.6,49,29259),(678,'Oklahoma','All Types of Cancer','Female','American Indian and Alaska Native Non-Hispanic',2020,158.8,286,196592),(679,'Alaska','All Types of Cancer','Female','American Indian and Alaska Native Non-Hispanic',2020,170.6,86,59700),(680,'Minnesota','All Types of Cancer','Female','American Indian and Alaska Native Non-Hispanic',2020,177.7,54,34652),(681,'South Dakota','All Types of Cancer','Female','American Indian and Alaska Native Non-Hispanic',2020,190,52,39288),(682,'Kansas','All Types of Cancer','Female','American Indian and Alaska Native Non-Hispanic',2020,202.6,24,14512),(683,'North Dakota','All Types of Cancer','Female','American Indian and Alaska Native Non-Hispanic',2020,236.4,33,21381),(684,'Indiana','All Types of Cancer','Female','Asian and Pacific Islander Non-Hispanic',2020,56.5,38,94607),(685,'New Jersey','All Types of Cancer','Female','Asian and Pacific Islander Non-Hispanic',2020,63.4,318,471512),(686,'Connecticut','All Types of Cancer','Female','Asian and Pacific Islander Non-Hispanic',2020,64.1,53,94152),(687,'Colorado','All Types of Cancer','Female','Asian and Pacific Islander Non-Hispanic',2020,64.8,72,120762),(688,'Alabama','All Types of Cancer','Female','Asian and Pacific Islander Non-Hispanic',2020,66.9,27,43697),(689,'South Carolina','All Types of Cancer','Female','Asian and Pacific Islander Non-Hispanic',2020,68.1,36,56200),(690,'Illinois','All Types of Cancer','Female','Asian and Pacific Islander Non-Hispanic',2020,69.3,302,403247),(691,'Michigan','All Types of Cancer','Female','Asian and Pacific Islander Non-Hispanic',2020,70,107,182612),(692,'Virginia','All Types of Cancer','Female','Asian and Pacific Islander Non-Hispanic',2020,70.6,232,340918),(693,'Washington','All Types of Cancer','Female','Asian and Pacific Islander Non-Hispanic',2020,72.8,324,449166),(694,'Missouri','All Types of Cancer','Female','Asian and Pacific Islander Non-Hispanic',2020,73.2,50,80726),(695,'New York','All Types of Cancer','Female','Asian and Pacific Islander Non-Hispanic',2020,73.4,782,947430),(696,'Louisiana','All Types of Cancer','Female','Asian and Pacific Islander Non-Hispanic',2020,73.6,35,46876),(697,'Maryland','All Types of Cancer','Female','Asian and Pacific Islander Non-Hispanic',2020,74.2,189,228601),(698,'Massachusetts','All Types of Cancer','Female','Asian and Pacific Islander Non-Hispanic',2020,74.2,168,273996),(699,'Kentucky','All Types of Cancer','Female','Asian and Pacific Islander Non-Hispanic',2020,75,23,42260),(700,'Arizona','All Types of Cancer','Female','Asian and Pacific Islander Non-Hispanic',2020,75.9,124,155583),(701,'Ohio','All Types of Cancer','Female','Asian and Pacific Islander Non-Hispanic',2020,79,99,168157),(702,'New Mexico','All Types of Cancer','Female','Asian and Pacific Islander Non-Hispanic',2020,79.5,19,21211),(703,'Iowa','All Types of Cancer','Female','Asian and Pacific Islander Non-Hispanic',2020,81.3,24,46692),(704,'Texas','All Types of Cancer','Female','Asian and Pacific Islander Non-Hispanic',2020,81.8,608,833619),(705,'North Carolina','All Types of Cancer','Female','Asian and Pacific Islander Non-Hispanic',2020,81.8,119,189392),(706,'Florida','All Types of Cancer','Female','Asian and Pacific Islander Non-Hispanic',2020,82.5,364,375483),(707,'California','All Types of Cancer','Female','Asian and Pacific Islander Non-Hispanic',2020,85.6,3773,3360054),(708,'Oregon','All Types of Cancer','Female','Asian and Pacific Islander Non-Hispanic',2020,86.7,109,129347),(709,'Georgia','All Types of Cancer','Female','Asian and Pacific Islander Non-Hispanic',2020,86.8,191,260473),(710,'Pennsylvania','All Types of Cancer','Female','Asian and Pacific Islander Non-Hispanic',2020,87.8,198,261574),(711,'Tennessee','All Types of Cancer','Female','Asian and Pacific Islander Non-Hispanic',2020,88.8,52,76749),(712,'Nevada','All Types of Cancer','Female','Asian and Pacific Islander Non-Hispanic',2020,90.7,208,170576),(713,'Utah','All Types of Cancer','Female','Asian and Pacific Islander Non-Hispanic',2020,94.5,47,66650),(714,'Wisconsin','All Types of Cancer','Female','Asian and Pacific Islander Non-Hispanic',2020,94.8,58,97876),(715,'Arkansas','All Types of Cancer','Female','Asian and Pacific Islander Non-Hispanic',2020,96.2,23,33670),(716,'Hawaii','All Types of Cancer','Female','Asian and Pacific Islander Non-Hispanic',2020,97.4,768,473934),(717,'Kansas','All Types of Cancer','Female','Asian and Pacific Islander Non-Hispanic',2020,104.4,41,51413),(718,'Alaska','All Types of Cancer','Female','Asian and Pacific Islander Non-Hispanic',2020,106.3,34,32955),(719,'Oklahoma','All Types of Cancer','Female','Asian and Pacific Islander Non-Hispanic',2020,107.6,50,57136),(720,'Idaho','All Types of Cancer','Female','Asian and Pacific Islander Non-Hispanic',2020,109.9,19,19086),(721,'Minnesota','All Types of Cancer','Female','Asian and Pacific Islander Non-Hispanic',2020,114,111,161114),(722,'Alabama','All Types of Cancer','Female','Hispanic',2020,38.7,22,107886),(723,'South Carolina','All Types of Cancer','Female','Hispanic',2020,64.2,51,152106),(724,'Mississippi','All Types of Cancer','Female','Hispanic',2020,65,17,44894),(725,'Ohio','All Types of Cancer','Female','Hispanic',2020,66.5,99,238770),(726,'Tennessee','All Types of Cancer','Female','Hispanic',2020,66.5,66,193161),(727,'Rhode Island','All Types of Cancer','Female','Hispanic',2020,67.3,40,87633),(728,'North Carolina','All Types of Cancer','Female','Hispanic',2020,67.6,169,511832),(729,'Massachusetts','All Types of Cancer','Female','Hispanic',2020,70.1,216,437457),(730,'Maryland','All Types of Cancer','Female','Hispanic',2020,70.5,139,317162),(731,'Kentucky','All Types of Cancer','Female','Hispanic',2020,72.1,31,83373),(732,'Georgia','All Types of Cancer','Female','Hispanic',2020,73.7,201,512463),(733,'Louisiana','All Types of Cancer','Female','Hispanic',2020,73.9,74,119146),(734,'Virginia','All Types of Cancer','Female','Hispanic',2020,75.3,179,414878),(735,'Arkansas','All Types of Cancer','Female','Hispanic',2020,75.8,40,116595),(736,'Kansas','All Types of Cancer','Female','Hispanic',2020,79.2,73,175079),(737,'Oregon','All Types of Cancer','Female','Hispanic',2020,79.8,113,279984),(738,'Missouri','All Types of Cancer','Female','Hispanic',2020,79.9,65,133900),(739,'New York','All Types of Cancer','Female','Hispanic',2020,80.4,1523,1898467),(740,'Nevada','All Types of Cancer','Female','Hispanic',2020,80.7,240,456401),(741,'Wisconsin','All Types of Cancer','Female','Hispanic',2020,81.6,83,206984),(742,'New Jersey','All Types of Cancer','Female','Hispanic',2020,81.6,657,936258),(743,'Connecticut','All Types of Cancer','Female','Hispanic',2020,81.9,181,309057),(744,'Indiana','All Types of Cancer','Female','Hispanic',2020,84.7,111,243773),(745,'Florida','All Types of Cancer','Female','Hispanic',2020,86.1,2925,2910341),(746,'Pennsylvania','All Types of Cancer','Female','Hispanic',2020,87,279,508773),(747,'Washington','All Types of Cancer','Female','Hispanic',2020,87.4,211,497598),(748,'Illinois','All Types of Cancer','Female','Hispanic',2020,87.9,647,1087207),(749,'Delaware','All Types of Cancer','Female','Hispanic',2020,90.4,23,47725),(750,'Minnesota','All Types of Cancer','Female','Hispanic',2020,92.2,67,154579),(751,'Nebraska','All Types of Cancer','Female','Hispanic',2020,94.5,48,108311),(752,'Idaho','All Types of Cancer','Female','Hispanic',2020,95,56,115292),(753,'Texas','All Types of Cancer','Female','Hispanic',2020,96.4,4183,5811112),(754,'Utah','All Types of Cancer','Female','Hispanic',2020,96.8,113,230001),(755,'Arizona','All Types of Cancer','Female','Hispanic',2020,97.7,821,1177700),(756,'California','All Types of Cancer','Female','Hispanic',2020,97.8,5943,7742745),(757,'Colorado','All Types of Cancer','Female','Hispanic',2020,103.8,446,625527),(758,'Michigan','All Types of Cancer','Female','Hispanic',2020,105.2,166,266637),(759,'Oklahoma','All Types of Cancer','Female','Hispanic',2020,111.1,112,217275),(760,'New Mexico','All Types of Cancer','Female','Hispanic',2020,111.5,617,527189),(761,'Iowa','All Types of Cancer','Female','Hispanic',2020,111.9,48,98759),(762,'Wyoming','All Types of Cancer','Female','Hispanic',2020,128.7,25,28712),(763,'Hawaii','All Types of Cancer','Female','Hispanic',2020,166.5,54,71784),(764,'Puerto Rico','Brain and Other Nervous System','Male and Female','All Races and Ethnicities',2020,2.3,112,3281538),(765,'Hawaii','Brain and Other Nervous System','Male and Female','All Races and Ethnicities',2020,2.7,50,1407006),(766,'New York','Brain and Other Nervous System','Male and Female','All Races and Ethnicities',2020,3.8,925,19336776),(767,'New Mexico','Brain and Other Nervous System','Male and Female','All Races and Ethnicities',2020,3.9,104,2106319),(768,'North Dakota','Brain and Other Nervous System','Male and Female','All Races and Ethnicities',2020,4,36,765309),(769,'North Carolina','Brain and Other Nervous System','Male and Female','All Races and Ethnicities',2020,4,516,10600823),(770,'New Jersey','Brain and Other Nervous System','Male and Female','All Races and Ethnicities',2020,4,451,8882371),(771,'Alaska','Brain and Other Nervous System','Male and Female','All Races and Ethnicities',2020,4,31,731158),(772,'Delaware','Brain and Other Nervous System','Male and Female','All Races and Ethnicities',2020,4.1,52,986809),(773,'Colorado','Brain and Other Nervous System','Male and Female','All Races and Ethnicities',2020,4.1,273,5807719),(774,'Louisiana','Brain and Other Nervous System','Male and Female','All Races and Ethnicities',2020,4.2,234,4645318),(775,'Texas','Brain and Other Nervous System','Male and Female','All Races and Ethnicities',2020,4.2,1272,29360759),(776,'Arizona','Brain and Other Nervous System','Male and Female','All Races and Ethnicities',2020,4.2,392,7421401),(777,'Idaho','Brain and Other Nervous System','Male and Female','All Races and Ethnicities',2020,4.3,98,1826913),(778,'Illinois','Brain and Other Nervous System','Male and Female','All Races and Ethnicities',2020,4.3,660,12587530),(779,'Maryland','Brain and Other Nervous System','Male and Female','All Races and Ethnicities',2020,4.3,313,6055802),(780,'Florida','Brain and Other Nervous System','Male and Female','All Races and Ethnicities',2020,4.4,1368,21733312),(781,'Georgia','Brain and Other Nervous System','Male and Female','All Races and Ethnicities',2020,4.4,529,10710017),(782,'Pennsylvania','Brain and Other Nervous System','Male and Female','All Races and Ethnicities',2020,4.5,762,12783254),(783,'Ohio','Brain and Other Nervous System','Male and Female','All Races and Ethnicities',2020,4.5,667,11693217),(784,'Indiana','Brain and Other Nervous System','Male and Female','All Races and Ethnicities',2020,4.5,368,6754953),(785,'Iowa','Brain and Other Nervous System','Male and Female','All Races and Ethnicities',2020,4.5,179,3163561),(786,'Massachusetts','Brain and Other Nervous System','Male and Female','All Races and Ethnicities',2020,4.5,410,6893574),(787,'West Virginia','Brain and Other Nervous System','Male and Female','All Races and Ethnicities',2020,4.5,112,1784787),(788,'Nevada','Brain and Other Nervous System','Male and Female','All Races and Ethnicities',2020,4.5,169,3138259),(789,'Rhode Island','Brain and Other Nervous System','Male and Female','All Races and Ethnicities',2020,4.5,63,1057125),(790,'Virginia','Brain and Other Nervous System','Male and Female','All Races and Ethnicities',2020,4.6,469,8590563),(791,'Minnesota','Brain and Other Nervous System','Male and Female','All Races and Ethnicities',2020,4.6,310,5657342),(792,'California','Brain and Other Nervous System','Male and Female','All Races and Ethnicities',2020,4.6,2094,39368078),(793,'South Carolina','Brain and Other Nervous System','Male and Female','All Races and Ethnicities',2020,4.7,323,5218040),(794,'Kentucky','Brain and Other Nervous System','Male and Female','All Races and Ethnicities',2020,4.7,267,4477251),(795,'Oregon','Brain and Other Nervous System','Male and Female','All Races and Ethnicities',2020,4.7,258,4241507),(796,'South Dakota','Brain and Other Nervous System','Male and Female','All Races and Ethnicities',2020,4.7,51,892717),(797,'Wisconsin','Brain and Other Nervous System','Male and Female','All Races and Ethnicities',2020,4.7,366,5832655),(798,'Tennessee','Brain and Other Nervous System','Male and Female','All Races and Ethnicities',2020,4.8,407,6886834),(799,'Oklahoma','Brain and Other Nervous System','Male and Female','All Races and Ethnicities',2020,4.9,228,3980783),(800,'Michigan','Brain and Other Nervous System','Male and Female','All Races and Ethnicities',2020,4.9,626,9966555),(801,'Washington','Brain and Other Nervous System','Male and Female','All Races and Ethnicities',2020,4.9,445,7693612),(802,'Mississippi','Brain and Other Nervous System','Male and Female','All Races and Ethnicities',2020,4.9,174,2966786),(803,'Missouri','Brain and Other Nervous System','Male and Female','All Races and Ethnicities',2020,4.9,375,6151548),(804,'Wyoming','Brain and Other Nervous System','Male and Female','All Races and Ethnicities',2020,5,35,582328),(805,'Connecticut','Brain and Other Nervous System','Male and Female','All Races and Ethnicities',2020,5,240,3557006),(806,'Alabama','Brain and Other Nervous System','Male and Female','All Races and Ethnicities',2020,5,315,4921532),(807,'Kansas','Brain and Other Nervous System','Male and Female','All Races and Ethnicities',2020,5.2,179,2913805),(808,'Montana','Brain and Other Nervous System','Male and Female','All Races and Ethnicities',2020,5.2,71,1080577),(809,'Arkansas','Brain and Other Nervous System','Male and Female','All Races and Ethnicities',2020,5.2,201,3030522),(810,'Utah','Brain and Other Nervous System','Male and Female','All Races and Ethnicities',2020,5.3,157,3249879),(811,'Maine','Brain and Other Nervous System','Male and Female','All Races and Ethnicities',2020,5.4,109,1350141),(812,'Nebraska','Brain and Other Nervous System','Male and Female','All Races and Ethnicities',2020,5.6,125,1937552),(813,'New Hampshire','Brain and Other Nervous System','Male and Female','All Races and Ethnicities',2020,5.8,111,1366275),(814,'Vermont','Brain and Other Nervous System','Male and Female','All Races and Ethnicities',2020,5.9,50,623347),(815,'North Dakota','Brain and Other Nervous System','Male and Female','White Non-Hispanic',2020,4.4,36,646724),(816,'North Carolina','Brain and Other Nervous System','Male and Female','White Non-Hispanic',2020,4.4,416,6711126),(817,'Colorado','Brain and Other Nervous System','Male and Female','White Non-Hispanic',2020,4.4,236,3988030),(818,'Delaware','Brain and Other Nervous System','Male and Female','White Non-Hispanic',2020,4.4,41,613617),(819,'Rhode Island','Brain and Other Nervous System','Male and Female','White Non-Hispanic',2020,4.5,55,761395),(820,'New Jersey','Brain and Other Nervous System','Male and Female','White Non-Hispanic',2020,4.6,346,4869242),(821,'Indiana','Brain and Other Nervous System','Male and Female','White Non-Hispanic',2020,4.7,333,5333871),(822,'Iowa','Brain and Other Nervous System','Male and Female','White Non-Hispanic',2020,4.7,173,2703472),(823,'West Virginia','Brain and Other Nervous System','Male and Female','White Non-Hispanic',2020,4.7,110,1658328),(824,'Wisconsin','Brain and Other Nervous System','Male and Female','White Non-Hispanic',2020,4.7,333,4747166),(825,'New York','Brain and Other Nervous System','Male and Female','White Non-Hispanic',2020,4.7,715,10800896),(826,'Alaska','Brain and Other Nervous System','Male and Female','White Non-Hispanic',2020,4.7,27,461177),(827,'Idaho','Brain and Other Nervous System','Male and Female','White Non-Hispanic',2020,4.8,96,1512401),(828,'Ohio','Brain and Other Nervous System','Male and Female','White Non-Hispanic',2020,4.8,604,9245719),(829,'Kentucky','Brain and Other Nervous System','Male and Female','White Non-Hispanic',2020,4.8,245,3805077),(830,'Louisiana','Brain and Other Nervous System','Male and Female','White Non-Hispanic',2020,4.8,181,2734948),(831,'Minnesota','Brain and Other Nervous System','Male and Female','White Non-Hispanic',2020,4.8,288,4513407),(832,'Pennsylvania','Brain and Other Nervous System','Male and Female','White Non-Hispanic',2020,4.9,700,9738852),(833,'Hawaii','Brain and Other Nervous System','Male and Female','White Non-Hispanic',2020,5,23,305879),(834,'Massachusetts','Brain and Other Nervous System','Male and Female','White Non-Hispanic',2020,5,371,4934739),(835,'Arizona','Brain and Other Nervous System','Male and Female','White Non-Hispanic',2020,5,323,4075422),(836,'Illinois','Brain and Other Nervous System','Male and Female','White Non-Hispanic',2020,5.1,550,7710316),(837,'South Carolina','Brain and Other Nervous System','Male and Female','White Non-Hispanic',2020,5.1,255,3361934),(838,'Florida','Brain and Other Nervous System','Male and Female','White Non-Hispanic',2020,5.1,1029,11730894),(839,'South Dakota','Brain and Other Nervous System','Male and Female','White Non-Hispanic',2020,5.1,50,734516),(840,'Wyoming','Brain and Other Nervous System','Male and Female','White Non-Hispanic',2020,5.1,32,493371),(841,'Oregon','Brain and Other Nervous System','Male and Female','White Non-Hispanic',2020,5.2,244,3250213),(842,'Tennessee','Brain and Other Nervous System','Male and Female','White Non-Hispanic',2020,5.2,359,5123255),(843,'Maryland','Brain and Other Nervous System','Male and Female','White Non-Hispanic',2020,5.3,233,3065729),(844,'Texas','Brain and Other Nervous System','Male and Female','White Non-Hispanic',2020,5.3,880,12233845),(845,'New Mexico','Brain and Other Nervous System','Male and Female','White Non-Hispanic',2020,5.3,63,783475),(846,'Oklahoma','Brain and Other Nervous System','Male and Female','White Non-Hispanic',2020,5.4,199,2691420),(847,'Virginia','Brain and Other Nervous System','Male and Female','White Non-Hispanic',2020,5.4,381,5337294),(848,'Georgia','Brain and Other Nervous System','Male and Female','White Non-Hispanic',2020,5.4,404,5619010),(849,'Washington','Brain and Other Nervous System','Male and Female','White Non-Hispanic',2020,5.4,398,5303363),(850,'Maine','Brain and Other Nervous System','Male and Female','White Non-Hispanic',2020,5.4,106,1267607),(851,'Missouri','Brain and Other Nervous System','Male and Female','White Non-Hispanic',2020,5.4,349,4927676),(852,'Connecticut','Brain and Other Nervous System','Male and Female','White Non-Hispanic',2020,5.4,205,2354601),(853,'Michigan','Brain and Other Nervous System','Male and Female','White Non-Hispanic',2020,5.5,563,7534869),(854,'Mississippi','Brain and Other Nervous System','Male and Female','White Non-Hispanic',2020,5.5,131,1686946),(855,'Kansas','Brain and Other Nervous System','Male and Female','White Non-Hispanic',2020,5.5,158,2227690),(856,'Utah','Brain and Other Nervous System','Male and Female','White Non-Hispanic',2020,5.6,144,2564620),(857,'Montana','Brain and Other Nervous System','Male and Female','White Non-Hispanic',2020,5.6,70,942577),(858,'Nebraska','Brain and Other Nervous System','Male and Female','White Non-Hispanic',2020,5.7,112,1527461),(859,'Vermont','Brain and Other Nervous System','Male and Female','White Non-Hispanic',2020,5.8,48,583409),(860,'Nevada','Brain and Other Nervous System','Male and Female','White Non-Hispanic',2020,5.9,139,1541542),(861,'New Hampshire','Brain and Other Nervous System','Male and Female','White Non-Hispanic',2020,6,109,1235857),(862,'Alabama','Brain and Other Nervous System','Male and Female','White Non-Hispanic',2020,6,274,3250825),(863,'Arkansas','Brain and Other Nervous System','Male and Female','White Non-Hispanic',2020,6,186,2209564),(864,'California','Brain and Other Nervous System','Male and Female','White Non-Hispanic',2020,6.1,1341,14721680),(865,'Ohio','Brain and Other Nervous System','Male and Female','Black Non-Hispanic',2020,2.4,37,1601597),(866,'Georgia','Brain and Other Nervous System','Male and Female','Black Non-Hispanic',2020,2.4,81,3490446),(867,'New York','Brain and Other Nervous System','Male and Female','Black Non-Hispanic',2020,2.4,77,2913569),(868,'Florida','Brain and Other Nervous System','Male and Female','Black Non-Hispanic',2020,2.5,86,3491048),(869,'Louisiana','Brain and Other Nervous System','Male and Female','Black Non-Hispanic',2020,2.6,40,1532912),(870,'Alabama','Brain and Other Nervous System','Male and Female','Black Non-Hispanic',2020,2.6,39,1331864),(871,'Illinois','Brain and Other Nervous System','Male and Female','Black Non-Hispanic',2020,2.7,52,1851058),(872,'Maryland','Brain and Other Nervous System','Male and Female','Black Non-Hispanic',2020,2.7,56,1881723),(873,'Missouri','Brain and Other Nervous System','Male and Female','Black Non-Hispanic',2020,2.7,20,758249),(874,'Indiana','Brain and Other Nervous System','Male and Female','Black Non-Hispanic',2020,2.8,19,709558),(875,'Pennsylvania','Brain and Other Nervous System','Male and Female','Black Non-Hispanic',2020,2.8,44,1480541),(876,'Texas','Brain and Other Nervous System','Male and Female','Black Non-Hispanic',2020,2.9,99,3699914),(877,'Michigan','Brain and Other Nervous System','Male and Female','Black Non-Hispanic',2020,2.9,45,1456824),(878,'Tennessee','Brain and Other Nervous System','Male and Female','Black Non-Hispanic',2020,3.1,35,1191073),(879,'North Carolina','Brain and Other Nervous System','Male and Female','Black Non-Hispanic',2020,3.1,77,2344295),(880,'Virginia','Brain and Other Nervous System','Male and Female','Black Non-Hispanic',2020,3.1,57,1721838),(881,'South Carolina','Brain and Other Nervous System','Male and Female','Black Non-Hispanic',2020,3.4,53,1407964),(882,'New Jersey','Brain and Other Nervous System','Male and Female','Black Non-Hispanic',2020,3.4,44,1199960),(883,'Mississippi','Brain and Other Nervous System','Male and Female','Black Non-Hispanic',2020,3.7,42,1128396),(884,'California','Brain and Other Nervous System','Male and Female','Black Non-Hispanic',2020,4.3,108,2449179),(885,'Kentucky','Brain and Other Nervous System','Male and Female','Black Non-Hispanic',2020,4.6,17,401092),(886,'Wisconsin','Brain and Other Nervous System','Male and Female','Black Non-Hispanic',2020,5.8,20,410303),(887,'Hawaii','Brain and Other Nervous System','Male and Female','Asian and Pacific Islander Non-Hispanic',2020,2.2,26,912454),(888,'New York','Brain and Other Nervous System','Male and Female','Asian and Pacific Islander Non-Hispanic',2020,2.4,47,1812223),(889,'Texas','Brain and Other Nervous System','Male and Female','Asian and Pacific Islander Non-Hispanic',2020,2.7,40,1625961),(890,'California','Brain and Other Nervous System','Male and Female','Asian and Pacific Islander Non-Hispanic',2020,2.7,208,6422594),(891,'New Jersey','Brain and Other Nervous System','Male and Female','Asian and Pacific Islander Non-Hispanic',2020,2.9,27,920832),(892,'Florida','Brain and Other Nervous System','Male and Female','Asian and Pacific Islander Non-Hispanic',2020,3.3,25,699931),(893,'New Jersey','Brain and Other Nervous System','Male and Female','Hispanic',2020,2.1,33,1874656),(894,'New York','Brain and Other Nervous System','Male and Female','Hispanic',2020,2.3,80,3738921),(895,'Colorado','Brain and Other Nervous System','Male and Female','Hispanic',2020,2.4,22,1274247),(896,'Illinois','Brain and Other Nervous System','Male and Female','Hispanic',2020,2.8,45,2219748),(897,'Texas','Brain and Other Nervous System','Male and Female','Hispanic',2020,2.9,251,11691857),(898,'New Mexico','Brain and Other Nervous System','Male and Female','Hispanic',2020,3,31,1046092),(899,'Arizona','Brain and Other Nervous System','Male and Female','Hispanic',2020,3,56,2366919),(900,'California','Brain and Other Nervous System','Male and Female','Hispanic',2020,3.6,432,15569780),(901,'Washington','Brain and Other Nervous System','Male and Female','Hispanic',2020,3.7,23,1027545),(902,'Connecticut','Brain and Other Nervous System','Male and Female','Hispanic',2020,3.7,17,612929),(903,'Florida','Brain and Other Nervous System','Male and Female','Hispanic',2020,3.8,224,5749737),(904,'Georgia','Brain and Other Nervous System','Male and Female','Hispanic',2020,3.9,29,1067941),(905,'Ohio','Brain and Other Nervous System','Male and Female','Hispanic',2020,5.7,19,488084),(906,'Puerto Rico','Brain and Other Nervous System','Male','All Races and Ethnicities',2020,2.4,52,1555294),(907,'Hawaii','Brain and Other Nervous System','Male','All Races and Ethnicities',2020,3.3,28,704366),(908,'Delaware','Brain and Other Nervous System','Male','All Races and Ethnicities',2020,4.1,23,476740),(909,'Idaho','Brain and Other Nervous System','Male','All Races and Ethnicities',2020,4.3,46,916124),(910,'North Dakota','Brain and Other Nervous System','Male','All Races and Ethnicities',2020,4.3,17,391815),(911,'North Carolina','Brain and Other Nervous System','Male','All Races and Ethnicities',2020,4.7,283,5152582),(912,'New Jersey','Brain and Other Nervous System','Male','All Races and Ethnicities',2020,4.7,241,4343049),(913,'New York','Brain and Other Nervous System','Male','All Races and Ethnicities',2020,4.8,527,9390497),(914,'Louisiana','Brain and Other Nervous System','Male','All Races and Ethnicities',2020,4.9,128,2264160),(915,'Indiana','Brain and Other Nervous System','Male','All Races and Ethnicities',2020,5,190,3331959),(916,'Iowa','Brain and Other Nervous System','Male','All Races and Ethnicities',2020,5,99,1575695),(917,'New Mexico','Brain and Other Nervous System','Male','All Races and Ethnicities',2020,5,62,1042459),(918,'Nevada','Brain and Other Nervous System','Male','All Races and Ethnicities',2020,5.1,90,1572640),(919,'Texas','Brain and Other Nervous System','Male','All Races and Ethnicities',2020,5.2,731,14581051),(920,'Maryland','Brain and Other Nervous System','Male','All Races and Ethnicities',2020,5.2,177,2932574),(921,'Colorado','Brain and Other Nervous System','Male','All Races and Ethnicities',2020,5.2,166,2925887),(922,'Arizona','Brain and Other Nervous System','Male','All Races and Ethnicities',2020,5.2,229,3685926),(923,'Pennsylvania','Brain and Other Nervous System','Male','All Races and Ethnicities',2020,5.3,417,6267042),(924,'Illinois','Brain and Other Nervous System','Male','All Races and Ethnicities',2020,5.3,365,6185306),(925,'Florida','Brain and Other Nervous System','Male','All Races and Ethnicities',2020,5.3,763,10620180),(926,'Oklahoma','Brain and Other Nervous System','Male','All Races and Ethnicities',2020,5.4,117,1971181),(927,'West Virginia','Brain and Other Nervous System','Male','All Races and Ethnicities',2020,5.4,60,884276),(928,'Virginia','Brain and Other Nervous System','Male','All Races and Ethnicities',2020,5.5,258,4227531),(929,'Wisconsin','Brain and Other Nervous System','Male','All Races and Ethnicities',2020,5.5,202,2903716),(930,'Oregon','Brain and Other Nervous System','Male','All Races and Ethnicities',2020,5.6,140,2102461),(931,'Georgia','Brain and Other Nervous System','Male','All Races and Ethnicities',2020,5.7,312,5201549),(932,'Kentucky','Brain and Other Nervous System','Male','All Races and Ethnicities',2020,5.7,151,2205345),(933,'Minnesota','Brain and Other Nervous System','Male','All Races and Ethnicities',2020,5.7,185,2818594),(934,'Mississippi','Brain and Other Nervous System','Male','All Races and Ethnicities',2020,5.7,94,1435815),(935,'Ohio','Brain and Other Nervous System','Male','All Races and Ethnicities',2020,5.8,394,5732661),(936,'South Carolina','Brain and Other Nervous System','Male','All Races and Ethnicities',2020,5.8,186,2523412),(937,'Utah','Brain and Other Nervous System','Male','All Races and Ethnicities',2020,5.8,84,1637740),(938,'Alabama','Brain and Other Nervous System','Male','All Races and Ethnicities',2020,5.8,167,2376966),(939,'Alaska','Brain and Other Nervous System','Male','All Races and Ethnicities',2020,5.8,23,381537),(940,'California','Brain and Other Nervous System','Male','All Races and Ethnicities',2020,5.8,1200,19577489),(941,'Massachusetts','Brain and Other Nervous System','Male','All Races and Ethnicities',2020,5.9,240,3347032),(942,'Wyoming','Brain and Other Nervous System','Male','All Races and Ethnicities',2020,5.9,19,296891),(943,'Tennessee','Brain and Other Nervous System','Male','All Races and Ethnicities',2020,6,237,3358020),(944,'Montana','Brain and Other Nervous System','Male','All Races and Ethnicities',2020,6,39,544101),(945,'Rhode Island','Brain and Other Nervous System','Male','All Races and Ethnicities',2020,6,38,514692),(946,'Vermont','Brain and Other Nervous System','Male','All Races and Ethnicities',2020,6.1,25,307992),(947,'Washington','Brain and Other Nervous System','Male','All Races and Ethnicities',2020,6.1,266,3853598),(948,'South Dakota','Brain and Other Nervous System','Male','All Races and Ethnicities',2020,6.2,31,450659),(949,'Missouri','Brain and Other Nervous System','Male','All Races and Ethnicities',2020,6.2,216,3017723),(950,'Arkansas','Brain and Other Nervous System','Male','All Races and Ethnicities',2020,6.2,113,1486856),(951,'Kansas','Brain and Other Nervous System','Male','All Races and Ethnicities',2020,6.3,106,1451540),(952,'Nebraska','Brain and Other Nervous System','Male','All Races and Ethnicities',2020,6.3,68,967813),(953,'Michigan','Brain and Other Nervous System','Male','All Races and Ethnicities',2020,6.4,375,4907813),(954,'Connecticut','Brain and Other Nervous System','Male','All Races and Ethnicities',2020,6.6,143,1734920),(955,'New Hampshire','Brain and Other Nervous System','Male','All Races and Ethnicities',2020,7.2,65,676994),(956,'Maine','Brain and Other Nervous System','Male','All Races and Ethnicities',2020,7.8,71,661301),(957,'Hawaii','Brain and Other Nervous System','Female','All Races and Ethnicities',2020,2.2,22,702640),(958,'Puerto Rico','Brain and Other Nervous System','Female','All Races and Ethnicities',2020,2.2,60,1726244),(959,'New Mexico','Brain and Other Nervous System','Female','All Races and Ethnicities',2020,2.9,42,1063860),(960,'New York','Brain and Other Nervous System','Female','All Races and Ethnicities',2020,3,398,9946279),(961,'Colorado','Brain and Other Nervous System','Female','All Races and Ethnicities',2020,3,107,2881832),(962,'Rhode Island','Brain and Other Nervous System','Female','All Races and Ethnicities',2020,3.2,25,542433),(963,'Georgia','Brain and Other Nervous System','Female','All Races and Ethnicities',2020,3.3,217,5508468),(964,'Texas','Brain and Other Nervous System','Female','All Races and Ethnicities',2020,3.3,541,14779708),(965,'Maine','Brain and Other Nervous System','Female','All Races and Ethnicities',2020,3.3,38,688840),(966,'Massachusetts','Brain and Other Nervous System','Female','All Races and Ethnicities',2020,3.3,170,3546542),(967,'North Carolina','Brain and Other Nervous System','Female','All Races and Ethnicities',2020,3.3,233,5448241),(968,'Arizona','Brain and Other Nervous System','Female','All Races and Ethnicities',2020,3.3,163,3735475),(969,'New Jersey','Brain and Other Nervous System','Female','All Races and Ethnicities',2020,3.4,210,4539322),(970,'Illinois','Brain and Other Nervous System','Female','All Races and Ethnicities',2020,3.5,295,6402224),(971,'Ohio','Brain and Other Nervous System','Female','All Races and Ethnicities',2020,3.5,273,5960556),(972,'Florida','Brain and Other Nervous System','Female','All Races and Ethnicities',2020,3.5,605,11113132),(973,'Louisiana','Brain and Other Nervous System','Female','All Races and Ethnicities',2020,3.5,106,2381158),(974,'Minnesota','Brain and Other Nervous System','Female','All Races and Ethnicities',2020,3.5,125,2838748),(975,'Maryland','Brain and Other Nervous System','Female','All Races and Ethnicities',2020,3.5,136,3123228),(976,'South Dakota','Brain and Other Nervous System','Female','All Races and Ethnicities',2020,3.6,20,442058),(977,'Connecticut','Brain and Other Nervous System','Female','All Races and Ethnicities',2020,3.6,97,1822086),(978,'Pennsylvania','Brain and Other Nervous System','Female','All Races and Ethnicities',2020,3.7,345,6516212),(979,'South Carolina','Brain and Other Nervous System','Female','All Races and Ethnicities',2020,3.7,137,2694628),(980,'Michigan','Brain and Other Nervous System','Female','All Races and Ethnicities',2020,3.7,251,5058742),(981,'Washington','Brain and Other Nervous System','Female','All Races and Ethnicities',2020,3.7,179,3840014),(982,'West Virginia','Brain and Other Nervous System','Female','All Races and Ethnicities',2020,3.7,52,900511),(983,'California','Brain and Other Nervous System','Female','All Races and Ethnicities',2020,3.7,894,19790589),(984,'Tennessee','Brain and Other Nervous System','Female','All Races and Ethnicities',2020,3.8,170,3528814),(985,'Virginia','Brain and Other Nervous System','Female','All Races and Ethnicities',2020,3.8,211,4363032),(986,'Missouri','Brain and Other Nervous System','Female','All Races and Ethnicities',2020,3.8,159,3133825),(987,'North Dakota','Brain and Other Nervous System','Female','All Races and Ethnicities',2020,3.9,19,373494),(988,'Kentucky','Brain and Other Nervous System','Female','All Races and Ethnicities',2020,3.9,116,2271906),(989,'Iowa','Brain and Other Nervous System','Female','All Races and Ethnicities',2020,4,80,1587866),(990,'Oregon','Brain and Other Nervous System','Female','All Races and Ethnicities',2020,4,118,2139046),(991,'Wisconsin','Brain and Other Nervous System','Female','All Races and Ethnicities',2020,4,164,2928939),(992,'Nevada','Brain and Other Nervous System','Female','All Races and Ethnicities',2020,4,79,1565619),(993,'Indiana','Brain and Other Nervous System','Female','All Races and Ethnicities',2020,4.1,178,3422994),(994,'Kansas','Brain and Other Nervous System','Female','All Races and Ethnicities',2020,4.1,73,1462265),(995,'Mississippi','Brain and Other Nervous System','Female','All Races and Ethnicities',2020,4.2,80,1530971),(996,'Delaware','Brain and Other Nervous System','Female','All Races and Ethnicities',2020,4.2,29,510069),(997,'Alabama','Brain and Other Nervous System','Female','All Races and Ethnicities',2020,4.2,148,2544566),(998,'Wyoming','Brain and Other Nervous System','Female','All Races and Ethnicities',2020,4.3,16,285437),(999,'Oklahoma','Brain and Other Nervous System','Female','All Races and Ethnicities',2020,4.4,111,2009602),(1000,'Montana','Brain and Other Nervous System','Female','All Races and Ethnicities',2020,4.4,32,536476),(1001,'New Hampshire','Brain and Other Nervous System','Female','All Races and Ethnicities',2020,4.4,46,689281),(1002,'Arkansas','Brain and Other Nervous System','Female','All Races and Ethnicities',2020,4.4,88,1543666),(1003,'Idaho','Brain and Other Nervous System','Female','All Races and Ethnicities',2020,4.5,52,910789),(1004,'Utah','Brain and Other Nervous System','Female','All Races and Ethnicities',2020,4.8,73,1612139),(1005,'Nebraska','Brain and Other Nervous System','Female','All Races and Ethnicities',2020,4.8,57,969739),(1006,'Vermont','Brain and Other Nervous System','Female','All Races and Ethnicities',2020,5.7,25,315355),(1007,'Utah','Colon and Rectum','Male and Female','All Races and Ethnicities',2020,10.1,293,3249879),(1008,'Massachusetts','Colon and Rectum','Male and Female','All Races and Ethnicities',2020,10.3,925,6893574),(1009,'Connecticut','Colon and Rectum','Male and Female','All Races and Ethnicities',2020,10.6,527,3557006),(1010,'New Hampshire','Colon and Rectum','Male and Female','All Races and Ethnicities',2020,10.8,204,1366275),(1011,'Montana','Colon and Rectum','Male and Female','All Races and Ethnicities',2020,10.9,164,1080577),(1012,'Idaho','Colon and Rectum','Male and Female','All Races and Ethnicities',2020,11.1,234,1826913),(1013,'Washington','Colon and Rectum','Male and Female','All Races and Ethnicities',2020,11.1,1001,7693612),(1014,'Wisconsin','Colon and Rectum','Male and Female','All Races and Ethnicities',2020,11.1,851,5832655),(1015,'Oregon','Colon and Rectum','Male and Female','All Races and Ethnicities',2020,11.2,618,4241507),(1016,'Rhode Island','Colon and Rectum','Male and Female','All Races and Ethnicities',2020,11.2,164,1057125),(1017,'New York','Colon and Rectum','Male and Female','All Races and Ethnicities',2020,11.3,2866,19336776),(1018,'Colorado','Colon and Rectum','Male and Female','All Races and Ethnicities',2020,11.3,722,5807719),(1019,'Hawaii','Colon and Rectum','Male and Female','All Races and Ethnicities',2020,11.4,229,1407006),(1020,'Florida','Colon and Rectum','Male and Female','All Races and Ethnicities',2020,11.6,3800,21733312),(1021,'Minnesota','Colon and Rectum','Male and Female','All Races and Ethnicities',2020,11.7,814,5657342),(1022,'California','Colon and Rectum','Male and Female','All Races and Ethnicities',2020,11.8,5401,39368078),(1023,'Arizona','Colon and Rectum','Male and Female','All Races and Ethnicities',2020,11.8,1147,7421401),(1024,'North Carolina','Colon and Rectum','Male and Female','All Races and Ethnicities',2020,12.1,1584,10600823),(1025,'New Jersey','Colon and Rectum','Male and Female','All Races and Ethnicities',2020,12.1,1413,8882371),(1026,'New Mexico','Colon and Rectum','Male and Female','All Races and Ethnicities',2020,12.2,328,2106319),(1027,'Delaware','Colon and Rectum','Male and Female','All Races and Ethnicities',2020,12.3,171,986809),(1028,'Maryland','Colon and Rectum','Male and Female','All Races and Ethnicities',2020,12.5,946,6055802),(1029,'Missouri','Colon and Rectum','Male and Female','All Races and Ethnicities',2020,12.5,1008,6151548),(1030,'North Dakota','Colon and Rectum','Male and Female','All Races and Ethnicities',2020,12.6,117,765309),(1031,'Virginia','Colon and Rectum','Male and Female','All Races and Ethnicities',2020,12.9,1344,8590563),(1032,'Pennsylvania','Colon and Rectum','Male and Female','All Races and Ethnicities',2020,13,2342,12783254),(1033,'Iowa','Colon and Rectum','Male and Female','All Races and Ethnicities',2020,13,547,3163561),(1034,'South Dakota','Colon and Rectum','Male and Female','All Races and Ethnicities',2020,13,154,892717),(1035,'Nevada','Colon and Rectum','Male and Female','All Races and Ethnicities',2020,13.1,490,3138259),(1036,'South Carolina','Colon and Rectum','Male and Female','All Races and Ethnicities',2020,13.2,897,5218040),(1037,'Puerto Rico','Colon and Rectum','Male and Female','All Races and Ethnicities',2020,13.2,662,3281538),(1038,'Illinois','Colon and Rectum','Male and Female','All Races and Ethnicities',2020,13.3,2071,12587530),(1039,'Texas','Colon and Rectum','Male and Female','All Races and Ethnicities',2020,13.3,4026,29360759),(1040,'Georgia','Colon and Rectum','Male and Female','All Races and Ethnicities',2020,13.4,1606,10710017),(1041,'Maine','Colon and Rectum','Male and Female','All Races and Ethnicities',2020,13.6,280,1350141),(1042,'Michigan','Colon and Rectum','Male and Female','All Races and Ethnicities',2020,13.7,1791,9966555),(1043,'Arkansas','Colon and Rectum','Male and Female','All Races and Ethnicities',2020,13.7,535,3030522),(1044,'Ohio','Colon and Rectum','Male and Female','All Races and Ethnicities',2020,13.8,2122,11693217),(1045,'District of Columbia','Colon and Rectum','Male and Female','All Races and Ethnicities',2020,13.8,99,712816),(1046,'Vermont','Colon and Rectum','Male and Female','All Races and Ethnicities',2020,13.9,125,623347),(1047,'Alabama','Colon and Rectum','Male and Female','All Races and Ethnicities',2020,14,885,4921532),(1048,'Indiana','Colon and Rectum','Male and Female','All Races and Ethnicities',2020,14.1,1165,6754953),(1049,'Wyoming','Colon and Rectum','Male and Female','All Races and Ethnicities',2020,14.1,105,582328),(1050,'Tennessee','Colon and Rectum','Male and Female','All Races and Ethnicities',2020,14.2,1210,6886834),(1051,'Nebraska','Colon and Rectum','Male and Female','All Races and Ethnicities',2020,14.4,344,1937552),(1052,'Louisiana','Colon and Rectum','Male and Female','All Races and Ethnicities',2020,14.5,821,4645318),(1053,'Kansas','Colon and Rectum','Male and Female','All Races and Ethnicities',2020,14.6,531,2913805),(1054,'Kentucky','Colon and Rectum','Male and Female','All Races and Ethnicities',2020,15.6,886,4477251),(1055,'Alaska','Colon and Rectum','Male and Female','All Races and Ethnicities',2020,15.8,108,731158),(1056,'West Virginia','Colon and Rectum','Male and Female','All Races and Ethnicities',2020,16.2,434,1784787),(1057,'Oklahoma','Colon and Rectum','Male and Female','All Races and Ethnicities',2020,16.6,794,3980783),(1058,'Mississippi','Colon and Rectum','Male and Female','All Races and Ethnicities',2020,17.2,630,2966786),(1059,'Puerto Rico','Esophagus','Male and Female','All Races and Ethnicities',2020,1.9,97,3281538),(1060,'Utah','Esophagus','Male and Female','All Races and Ethnicities',2020,2.4,72,3249879),(1061,'Hawaii','Esophagus','Male and Female','All Races and Ethnicities',2020,2.4,50,1407006),(1062,'Alaska','Esophagus','Male and Female','All Races and Ethnicities',2020,2.8,22,731158),(1063,'California','Esophagus','Male and Female','All Races and Ethnicities',2020,2.8,1321,39368078),(1064,'New Jersey','Esophagus','Male and Female','All Races and Ethnicities',2020,3.1,371,8882371),(1065,'New York','Esophagus','Male and Female','All Races and Ethnicities',2020,3.1,815,19336776),(1066,'Arizona','Esophagus','Male and Female','All Races and Ethnicities',2020,3.1,313,7421401),(1067,'Texas','Esophagus','Male and Female','All Races and Ethnicities',2020,3.2,977,29360759),(1068,'New Mexico','Esophagus','Male and Female','All Races and Ethnicities',2020,3.2,96,2106319),(1069,'Florida','Esophagus','Male and Female','All Races and Ethnicities',2020,3.3,1140,21733312),(1070,'North Carolina','Esophagus','Male and Female','All Races and Ethnicities',2020,3.3,454,10600823),(1071,'Georgia','Esophagus','Male and Female','All Races and Ethnicities',2020,3.4,420,10710017),(1072,'Maryland','Esophagus','Male and Female','All Races and Ethnicities',2020,3.4,264,6055802),(1073,'Virginia','Esophagus','Male and Female','All Races and Ethnicities',2020,3.4,370,8590563),(1074,'Colorado','Esophagus','Male and Female','All Races and Ethnicities',2020,3.4,228,5807719),(1075,'Connecticut','Esophagus','Male and Female','All Races and Ethnicities',2020,3.5,178,3557006),(1076,'Nevada','Esophagus','Male and Female','All Races and Ethnicities',2020,3.6,143,3138259),(1077,'Alabama','Esophagus','Male and Female','All Races and Ethnicities',2020,3.6,238,4921532),(1078,'Louisiana','Esophagus','Male and Female','All Races and Ethnicities',2020,3.7,218,4645318),(1079,'Washington','Esophagus','Male and Female','All Races and Ethnicities',2020,3.7,363,7693612),(1080,'Delaware','Esophagus','Male and Female','All Races and Ethnicities',2020,3.7,54,986809),(1081,'District of Columbia','Esophagus','Male and Female','All Races and Ethnicities',2020,3.7,27,712816),(1082,'Idaho','Esophagus','Male and Female','All Races and Ethnicities',2020,3.8,84,1826913),(1083,'Mississippi','Esophagus','Male and Female','All Races and Ethnicities',2020,3.8,148,2966786),(1084,'Arkansas','Esophagus','Male and Female','All Races and Ethnicities',2020,3.8,157,3030522),(1085,'South Carolina','Esophagus','Male and Female','All Races and Ethnicities',2020,3.9,276,5218040),(1086,'South Dakota','Esophagus','Male and Female','All Races and Ethnicities',2020,3.9,49,892717),(1087,'Minnesota','Esophagus','Male and Female','All Races and Ethnicities',2020,3.9,284,5657342),(1088,'Rhode Island','Esophagus','Male and Female','All Races and Ethnicities',2020,4,59,1057125),(1089,'Illinois','Esophagus','Male and Female','All Races and Ethnicities',2020,4.1,677,12587530),(1090,'Oklahoma','Esophagus','Male and Female','All Races and Ethnicities',2020,4.1,209,3980783),(1091,'Massachusetts','Esophagus','Male and Female','All Races and Ethnicities',2020,4.2,392,6893574),(1092,'Montana','Esophagus','Male and Female','All Races and Ethnicities',2020,4.2,62,1080577),(1093,'New Hampshire','Esophagus','Male and Female','All Races and Ethnicities',2020,4.2,83,1366275),(1094,'Ohio','Esophagus','Male and Female','All Races and Ethnicities',2020,4.3,680,11693217),(1095,'Tennessee','Esophagus','Male and Female','All Races and Ethnicities',2020,4.3,391,6886834),(1096,'Missouri','Esophagus','Male and Female','All Races and Ethnicities',2020,4.3,352,6151548),(1097,'Wisconsin','Esophagus','Male and Female','All Races and Ethnicities',2020,4.3,346,5832655),(1098,'Pennsylvania','Esophagus','Male and Female','All Races and Ethnicities',2020,4.4,811,12783254),(1099,'North Dakota','Esophagus','Male and Female','All Races and Ethnicities',2020,4.4,40,765309),(1100,'Nebraska','Esophagus','Male and Female','All Races and Ethnicities',2020,4.4,110,1937552),(1101,'Kansas','Esophagus','Male and Female','All Races and Ethnicities',2020,4.5,163,2913805),(1102,'Oregon','Esophagus','Male and Female','All Races and Ethnicities',2020,4.5,263,4241507),(1103,'Michigan','Esophagus','Male and Female','All Races and Ethnicities',2020,4.5,638,9966555),(1104,'Iowa','Esophagus','Male and Female','All Races and Ethnicities',2020,4.7,204,3163561),(1105,'Kentucky','Esophagus','Male and Female','All Races and Ethnicities',2020,4.7,273,4477251),(1106,'Indiana','Esophagus','Male and Female','All Races and Ethnicities',2020,4.8,412,6754953),(1107,'Maine','Esophagus','Male and Female','All Races and Ethnicities',2020,5,110,1350141),(1108,'Vermont','Esophagus','Male and Female','All Races and Ethnicities',2020,5.7,55,623347),(1109,'Wyoming','Esophagus','Male and Female','All Races and Ethnicities',2020,5.7,45,582328),(1110,'West Virginia','Esophagus','Male and Female','All Races and Ethnicities',2020,6.1,166,1784787),(1111,'Illinois','Hodgkin Lymphoma','Male and Female','All Races and Ethnicities',2020,0.2,27,12587530),(1112,'Florida','Hodgkin Lymphoma','Male and Female','All Races and Ethnicities',2020,0.2,66,21733312),(1113,'Texas','Hodgkin Lymphoma','Male and Female','All Races and Ethnicities',2020,0.2,67,29360759),(1114,'North Carolina','Hodgkin Lymphoma','Male and Female','All Races and Ethnicities',2020,0.2,23,10600823),(1115,'Massachusetts','Hodgkin Lymphoma','Male and Female','All Races and Ethnicities',2020,0.2,22,6893574),(1116,'Michigan','Hodgkin Lymphoma','Male and Female','All Races and Ethnicities',2020,0.2,30,9966555),(1117,'New Jersey','Hodgkin Lymphoma','Male and Female','All Races and Ethnicities',2020,0.2,17,8882371),(1118,'New York','Hodgkin Lymphoma','Male and Female','All Races and Ethnicities',2020,0.2,55,19336776),(1119,'Arizona','Hodgkin Lymphoma','Male and Female','All Races and Ethnicities',2020,0.2,18,7421401),(1120,'Pennsylvania','Hodgkin Lymphoma','Male and Female','All Races and Ethnicities',2020,0.3,46,12783254),(1121,'Indiana','Hodgkin Lymphoma','Male and Female','All Races and Ethnicities',2020,0.3,24,6754953),(1122,'Ohio','Hodgkin Lymphoma','Male and Female','All Races and Ethnicities',2020,0.3,42,11693217),(1123,'Georgia','Hodgkin Lymphoma','Male and Female','All Races and Ethnicities',2020,0.3,30,10710017),(1124,'South Carolina','Hodgkin Lymphoma','Male and Female','All Races and Ethnicities',2020,0.3,23,5218040),(1125,'Kentucky','Hodgkin Lymphoma','Male and Female','All Races and Ethnicities',2020,0.3,16,4477251),(1126,'Maryland','Hodgkin Lymphoma','Male and Female','All Races and Ethnicities',2020,0.3,20,6055802),(1127,'Tennessee','Hodgkin Lymphoma','Male and Female','All Races and Ethnicities',2020,0.3,25,6886834),(1128,'Virginia','Hodgkin Lymphoma','Male and Female','All Races and Ethnicities',2020,0.3,31,8590563),(1129,'Oregon','Hodgkin Lymphoma','Male and Female','All Races and Ethnicities',2020,0.3,16,4241507),(1130,'Washington','Hodgkin Lymphoma','Male and Female','All Races and Ethnicities',2020,0.3,25,7693612),(1131,'Wisconsin','Hodgkin Lymphoma','Male and Female','All Races and Ethnicities',2020,0.3,18,5832655),(1132,'Alabama','Hodgkin Lymphoma','Male and Female','All Races and Ethnicities',2020,0.3,17,4921532),(1133,'California','Hodgkin Lymphoma','Male and Female','All Races and Ethnicities',2020,0.3,129,39368078),(1134,'Louisiana','Hodgkin Lymphoma','Male and Female','All Races and Ethnicities',2020,0.4,20,4645318),(1135,'Missouri','Hodgkin Lymphoma','Male and Female','All Races and Ethnicities',2020,0.4,33,6151548),(1136,'Montana','Stomach','Male and Female','All Races and Ethnicities',2020,1.3,19,1080577),(1137,'South Dakota','Stomach','Male and Female','All Races and Ethnicities',2020,1.5,18,892717),(1138,'North Dakota','Stomach','Male and Female','All Races and Ethnicities',2020,1.7,17,765309),(1139,'Missouri','Stomach','Male and Female','All Races and Ethnicities',2020,1.7,137,6151548),(1140,'Iowa','Stomach','Male and Female','All Races and Ethnicities',2020,1.8,75,3163561),(1141,'Utah','Stomach','Male and Female','All Races and Ethnicities',2020,1.8,49,3249879),(1142,'Vermont','Stomach','Male and Female','All Races and Ethnicities',2020,1.9,16,623347),(1143,'Indiana','Stomach','Male and Female','All Races and Ethnicities',2020,2,161,6754953),(1144,'West Virginia','Stomach','Male and Female','All Races and Ethnicities',2020,2,53,1784787),(1145,'New Hampshire','Stomach','Male and Female','All Races and Ethnicities',2020,2,34,1366275),(1146,'Idaho','Stomach','Male and Female','All Races and Ethnicities',2020,2.1,44,1826913),(1147,'Colorado','Stomach','Male and Female','All Races and Ethnicities',2020,2.1,134,5807719),(1148,'Kansas','Stomach','Male and Female','All Races and Ethnicities',2020,2.2,74,2913805),(1149,'Michigan','Stomach','Male and Female','All Races and Ethnicities',2020,2.2,299,9966555),(1150,'Oregon','Stomach','Male and Female','All Races and Ethnicities',2020,2.2,126,4241507),(1151,'Arizona','Stomach','Male and Female','All Races and Ethnicities',2020,2.2,216,7421401),(1152,'Pennsylvania','Stomach','Male and Female','All Races and Ethnicities',2020,2.3,417,12783254),(1153,'Ohio','Stomach','Male and Female','All Races and Ethnicities',2020,2.3,353,11693217),(1154,'Minnesota','Stomach','Male and Female','All Races and Ethnicities',2020,2.3,166,5657342),(1155,'Nebraska','Stomach','Male and Female','All Races and Ethnicities',2020,2.3,51,1937552),(1156,'Washington','Stomach','Male and Female','All Races and Ethnicities',2020,2.4,224,7693612),(1157,'Nevada','Stomach','Male and Female','All Races and Ethnicities',2020,2.4,87,3138259),(1158,'Rhode Island','Stomach','Male and Female','All Races and Ethnicities',2020,2.4,34,1057125),(1159,'Florida','Stomach','Male and Female','All Races and Ethnicities',2020,2.5,796,21733312),(1160,'Wisconsin','Stomach','Male and Female','All Races and Ethnicities',2020,2.5,191,5832655),(1161,'Arkansas','Stomach','Male and Female','All Races and Ethnicities',2020,2.5,104,3030522),(1162,'Maine','Stomach','Male and Female','All Races and Ethnicities',2020,2.6,56,1350141),(1163,'Virginia','Stomach','Male and Female','All Races and Ethnicities',2020,2.6,269,8590563),(1164,'Alabama','Stomach','Male and Female','All Races and Ethnicities',2020,2.6,163,4921532),(1165,'Kentucky','Stomach','Male and Female','All Races and Ethnicities',2020,2.7,143,4477251),(1166,'Oklahoma','Stomach','Male and Female','All Races and Ethnicities',2020,2.7,125,3980783),(1167,'North Carolina','Stomach','Male and Female','All Races and Ethnicities',2020,2.7,353,10600823),(1168,'Tennessee','Stomach','Male and Female','All Races and Ethnicities',2020,2.7,229,6886834),(1169,'Georgia','Stomach','Male and Female','All Races and Ethnicities',2020,2.8,340,10710017),(1170,'Maryland','Stomach','Male and Female','All Races and Ethnicities',2020,2.8,212,6055802),(1171,'Massachusetts','Stomach','Male and Female','All Races and Ethnicities',2020,2.8,253,6893574),(1172,'Illinois','Stomach','Male and Female','All Races and Ethnicities',2020,2.9,449,12587530),(1173,'New Jersey','Stomach','Male and Female','All Races and Ethnicities',2020,2.9,334,8882371),(1174,'New York','Stomach','Male and Female','All Races and Ethnicities',2020,2.9,735,19336776),(1175,'Connecticut','Stomach','Male and Female','All Races and Ethnicities',2020,3,145,3557006),(1176,'South Carolina','Stomach','Male and Female','All Races and Ethnicities',2020,3.2,215,5218040),(1177,'Texas','Stomach','Male and Female','All Races and Ethnicities',2020,3.2,970,29360759),(1178,'Puerto Rico','Stomach','Male and Female','All Races and Ethnicities',2020,3.3,177,3281538),(1179,'New Mexico','Stomach','Male and Female','All Races and Ethnicities',2020,3.4,93,2106319),(1180,'Louisiana','Stomach','Male and Female','All Races and Ethnicities',2020,3.5,192,4645318),(1181,'Delaware','Stomach','Male and Female','All Races and Ethnicities',2020,3.5,46,986809),(1182,'Mississippi','Stomach','Male and Female','All Races and Ethnicities',2020,3.8,143,2966786),(1183,'Alaska','Stomach','Male and Female','All Races and Ethnicities',2020,3.8,29,731158),(1184,'California','Stomach','Male and Female','All Races and Ethnicities',2020,3.9,1739,39368078),(1185,'Hawaii','Stomach','Male and Female','All Races and Ethnicities',2020,4,79,1407006);
/*!40000 ALTER TABLE `deathrate` ENABLE KEYS */;
UNLOCK TABLES;

--
-- Table structure for table `demographicgroup`
--

DROP TABLE IF EXISTS `demographicgroup`;
/*!40101 SET @saved_cs_client     = @@character_set_client */;
/*!50503 SET character_set_client = utf8mb4 */;
CREATE TABLE `demographicgroup` (
  `groupID` int NOT NULL AUTO_INCREMENT,
  `sex` varchar(50) NOT NULL,
  `race` varchar(50) NOT NULL,
  PRIMARY KEY (`groupID`)
) ENGINE=InnoDB AUTO_INCREMENT=19 DEFAULT CHARSET=utf8mb4 COLLATE=utf8mb4_0900_ai_ci;
/*!40101 SET character_set_client = @saved_cs_client */;

--
-- Dumping data for table `demographicgroup`
--

LOCK TABLES `demographicgroup` WRITE;
/*!40000 ALTER TABLE `demographicgroup` DISABLE KEYS */;
INSERT INTO `demographicgroup` VALUES (1,'Male and Female','All Races and Ethnicities'),(2,'Male and Female','White Non-Hispanic'),(3,'Male and Female','Black Non-Hispanic'),(4,'Male and Female','American Indian and Alaska Native Non-Hispanic'),(5,'Male and Female','Asian and Pacific Islander Non-Hispanic'),(6,'Male','All Races and Ethnicities'),(7,'Male','White Non-Hispanic'),(8,'Male','Black Non-Hispanic'),(9,'Male','American Indian and Alaska Native Non-Hispanic'),(10,'Male','Asian and Pacific Islander Non-Hispanic'),(11,'Female','All Races and Ethnicities'),(12,'Female','White Non-Hispanic'),(13,'Female','Black Non-Hispanic'),(14,'Female','American Indian and Alaska Native Non-Hispanic'),(15,'Female','Asian and Pacific Islander Non-Hispanic'),(16,'Male','Hispanic'),(17,'Female','Hispanic'),(18,'Male And Female','Hispanic');
/*!40000 ALTER TABLE `demographicgroup` ENABLE KEYS */;
UNLOCK TABLES;

--
-- Table structure for table `incidencerate`
--

DROP TABLE IF EXISTS `incidencerate`;
/*!40101 SET @saved_cs_client     = @@character_set_client */;
/*!50503 SET character_set_client = utf8mb4 */;
CREATE TABLE `incidencerate` (
  `id` int NOT NULL AUTO_INCREMENT,
  `state` varchar(64) NOT NULL,
  `cancertype` varchar(64) NOT NULL,
  `sex` varchar(50) NOT NULL,
  `race` varchar(50) NOT NULL,
  `year` int NOT NULL,
  `i_rate` float DEFAULT NULL,
  `case_count` int DEFAULT NULL,
  `population` int DEFAULT NULL,
  PRIMARY KEY (`id`),
  KEY `state` (`state`),
  KEY `cancertype` (`cancertype`),
  CONSTRAINT `incidencerate_ibfk_1` FOREIGN KEY (`state`) REFERENCES `state` (`sname`) ON DELETE CASCADE ON UPDATE CASCADE,
  CONSTRAINT `incidencerate_ibfk_2` FOREIGN KEY (`cancertype`) REFERENCES `cancertype` (`name`) ON DELETE CASCADE ON UPDATE CASCADE
) ENGINE=InnoDB AUTO_INCREMENT=1264 DEFAULT CHARSET=utf8mb4 COLLATE=utf8mb4_0900_ai_ci;
/*!40101 SET character_set_client = @saved_cs_client */;

--
-- Dumping data for table `incidencerate`
--

LOCK TABLES `incidencerate` WRITE;
/*!40000 ALTER TABLE `incidencerate` DISABLE KEYS */;
INSERT INTO `incidencerate` VALUES (1,'Puerto Rico','All Types of Cancer','Male and Female','All Races and Ethnicities',2020,299.4,14162,3281538),(2,'New Mexico','All Types of Cancer','Male and Female','All Races and Ethnicities',2020,332,9031,2106319),(3,'Arizona','All Types of Cancer','Male and Female','All Races and Ethnicities',2020,336.8,32171,7421401),(4,'California','All Types of Cancer','Male and Female','All Races and Ethnicities',2020,360.2,163726,39368078),(5,'Colorado','All Types of Cancer','Male and Female','All Races and Ethnicities',2020,363.2,24208,5807719),(6,'District of Columbia','All Types of Cancer','Male and Female','All Races and Ethnicities',2020,364.5,2585,712816),(7,'Oregon','All Types of Cancer','Male and Female','All Races and Ethnicities',2020,365.4,20141,4241507),(8,'Virginia','All Types of Cancer','Male and Female','All Races and Ethnicities',2020,375.9,39596,8590563),(9,'Texas','All Types of Cancer','Male and Female','All Races and Ethnicities',2020,379.6,116873,29360759),(10,'Utah','All Types of Cancer','Male and Female','All Races and Ethnicities',2020,384.6,11605,3249879),(11,'Wyoming','All Types of Cancer','Male and Female','All Races and Ethnicities',2020,385.1,2853,582328),(12,'Hawaii','All Types of Cancer','Male and Female','All Races and Ethnicities',2020,388.3,7285,1407006),(13,'Washington','All Types of Cancer','Male and Female','All Races and Ethnicities',2020,391,36017,7693612),(14,'Massachusetts','All Types of Cancer','Male and Female','All Races and Ethnicities',2020,391.3,34735,6893574),(15,'South Carolina','All Types of Cancer','Male and Female','All Races and Ethnicities',2020,394.5,27362,5218040),(16,'Rhode Island','All Types of Cancer','Male and Female','All Races and Ethnicities',2020,396.1,5552,1057125),(17,'Michigan','All Types of Cancer','Male and Female','All Races and Ethnicities',2020,396.4,51988,9966555),(18,'Alabama','All Types of Cancer','Male and Female','All Races and Ethnicities',2020,399.9,25348,4921532),(19,'Nebraska','All Types of Cancer','Male and Female','All Races and Ethnicities',2020,401,9281,1937552),(20,'Delaware','All Types of Cancer','Male and Female','All Races and Ethnicities',2020,401.1,5535,986809),(21,'Alaska','All Types of Cancer','Male and Female','All Races and Ethnicities',2020,401.4,3110,731158),(22,'Arkansas','All Types of Cancer','Male and Female','All Races and Ethnicities',2020,401.4,15479,3030522),(23,'Maryland','All Types of Cancer','Male and Female','All Races and Ethnicities',2020,407.5,30603,6055802),(24,'Mississippi','All Types of Cancer','Male and Female','All Races and Ethnicities',2020,409.6,15145,2966786),(25,'Montana','All Types of Cancer','Male and Female','All Races and Ethnicities',2020,410.4,6044,1080577),(26,'Oklahoma','All Types of Cancer','Male and Female','All Races and Ethnicities',2020,412.7,19788,3980783),(27,'Florida','All Types of Cancer','Male and Female','All Races and Ethnicities',2020,413.9,130258,21733312),(28,'Pennsylvania','All Types of Cancer','Male and Female','All Races and Ethnicities',2020,415.1,72402,12783254),(29,'Tennessee','All Types of Cancer','Male and Female','All Races and Ethnicities',2020,417.6,36396,6886834),(30,'Vermont','All Types of Cancer','Male and Female','All Races and Ethnicities',2020,417.9,3710,623347),(31,'Connecticut','All Types of Cancer','Male and Female','All Races and Ethnicities',2020,419.1,19861,3557006),(32,'Idaho','All Types of Cancer','Male and Female','All Races and Ethnicities',2020,419.2,9208,1826913),(33,'Kansas','All Types of Cancer','Male and Female','All Races and Ethnicities',2020,419.4,14858,2913805),(34,'Illinois','All Types of Cancer','Male and Female','All Races and Ethnicities',2020,419.9,65398,12587530),(35,'Missouri','All Types of Cancer','Male and Female','All Races and Ethnicities',2020,425.5,33694,6151548),(36,'New Hampshire','All Types of Cancer','Male and Female','All Races and Ethnicities',2020,425.6,8177,1366275),(37,'South Dakota','All Types of Cancer','Male and Female','All Races and Ethnicities',2020,427.2,4738,892717),(38,'New York','All Types of Cancer','Male and Female','All Races and Ethnicities',2020,427.4,105599,19336776),(39,'North Carolina','All Types of Cancer','Male and Female','All Races and Ethnicities',2020,427.9,57242,10600823),(40,'North Dakota','All Types of Cancer','Male and Female','All Races and Ethnicities',2020,428.2,3843,765309),(41,'Ohio','All Types of Cancer','Male and Female','All Races and Ethnicities',2020,428.9,65151,11693217),(42,'Wisconsin','All Types of Cancer','Male and Female','All Races and Ethnicities',2020,431.3,32961,5832655),(43,'Louisiana','All Types of Cancer','Male and Female','All Races and Ethnicities',2020,433.8,24734,4645318),(44,'Georgia','All Types of Cancer','Male and Female','All Races and Ethnicities',2020,434,53485,10710017),(45,'Minnesota','All Types of Cancer','Male and Female','All Races and Ethnicities',2020,436.4,30505,5657342),(46,'New Jersey','All Types of Cancer','Male and Female','All Races and Ethnicities',2020,443.3,50346,8882371),(47,'West Virginia','All Types of Cancer','Male and Female','All Races and Ethnicities',2020,447.5,11445,1784787),(48,'Maine','All Types of Cancer','Male and Female','All Races and Ethnicities',2020,449.5,9151,1350141),(49,'Iowa','All Types of Cancer','Male and Female','All Races and Ethnicities',2020,455.1,18381,3163561),(50,'Kentucky','All Types of Cancer','Male and Female','All Races and Ethnicities',2020,463.4,26240,4477251),(51,'District of Columbia','All Types of Cancer','Male and Female','White Non-Hispanic',2020,314.7,786,274011),(52,'New Mexico','All Types of Cancer','Male and Female','White Non-Hispanic',2020,342,4829,783475),(53,'Arizona','All Types of Cancer','Male and Female','White Non-Hispanic',2020,361.1,24691,4075422),(54,'Colorado','All Types of Cancer','Male and Female','White Non-Hispanic',2020,367,19365,3988030),(55,'Oregon','All Types of Cancer','Male and Female','White Non-Hispanic',2020,372.6,17826,3250213),(56,'Utah','All Types of Cancer','Male and Female','White Non-Hispanic',2020,381.9,9899,2564620),(57,'Virginia','All Types of Cancer','Male and Female','White Non-Hispanic',2020,385.9,28730,5337294),(58,'Washington','All Types of Cancer','Male and Female','White Non-Hispanic',2020,393.1,29234,5303363),(59,'Wyoming','All Types of Cancer','Male and Female','White Non-Hispanic',2020,393.6,2645,493371),(60,'Michigan','All Types of Cancer','Male and Female','White Non-Hispanic',2020,394.6,42684,7534869),(61,'Massachusetts','All Types of Cancer','Male and Female','White Non-Hispanic',2020,399.5,29155,4934739),(62,'South Carolina','All Types of Cancer','Male and Female','White Non-Hispanic',2020,399.8,20115,3361934),(63,'California','All Types of Cancer','Male and Female','White Non-Hispanic',2020,401.3,91427,14721680),(64,'Nebraska','All Types of Cancer','Male and Female','White Non-Hispanic',2020,401.9,8240,1527461),(65,'Montana','All Types of Cancer','Male and Female','White Non-Hispanic',2020,403.6,5534,942577),(66,'Alabama','All Types of Cancer','Male and Female','White Non-Hispanic',2020,404,18758,3250825),(67,'Rhode Island','All Types of Cancer','Male and Female','White Non-Hispanic',2020,405.3,4755,761395),(68,'Oklahoma','All Types of Cancer','Male and Female','White Non-Hispanic',2020,406.9,15509,2691420),(69,'Alaska','All Types of Cancer','Male and Female','White Non-Hispanic',2020,407.1,2281,461177),(70,'Delaware','All Types of Cancer','Male and Female','White Non-Hispanic',2020,407.4,4186,613617),(71,'Mississippi','All Types of Cancer','Male and Female','White Non-Hispanic',2020,412.2,9956,1686946),(72,'Arkansas','All Types of Cancer','Male and Female','White Non-Hispanic',2020,412.6,13011,2209564),(73,'Tennessee','All Types of Cancer','Male and Female','White Non-Hispanic',2020,413.7,29667,5123255),(74,'Kansas','All Types of Cancer','Male and Female','White Non-Hispanic',2020,417.7,12720,2227690),(75,'Pennsylvania','All Types of Cancer','Male and Female','White Non-Hispanic',2020,417.7,61563,9738852),(76,'Vermont','All Types of Cancer','Male and Female','White Non-Hispanic',2020,420.4,3596,583409),(77,'Idaho','All Types of Cancer','Male and Female','White Non-Hispanic',2020,424.5,8425,1512401),(78,'South Dakota','All Types of Cancer','Male and Female','White Non-Hispanic',2020,425.4,4330,734516),(79,'Texas','All Types of Cancer','Male and Female','White Non-Hispanic',2020,426.6,72338,12233845),(80,'Missouri','All Types of Cancer','Male and Female','White Non-Hispanic',2020,428.4,29228,4927676),(81,'New Hampshire','All Types of Cancer','Male and Female','White Non-Hispanic',2020,428.6,7829,1235857),(82,'Connecticut','All Types of Cancer','Male and Female','White Non-Hispanic',2020,431.7,16041,2354601),(83,'Ohio','All Types of Cancer','Male and Female','White Non-Hispanic',2020,432.9,56065,9245719),(84,'Wisconsin','All Types of Cancer','Male and Female','White Non-Hispanic',2020,433.4,29899,4747166),(85,'North Carolina','All Types of Cancer','Male and Female','White Non-Hispanic',2020,433.9,42512,6711126),(86,'Maryland','All Types of Cancer','Male and Female','White Non-Hispanic',2020,435.8,19471,3065729),(87,'Minnesota','All Types of Cancer','Male and Female','White Non-Hispanic',2020,439,27576,4513407),(88,'Illinois','All Types of Cancer','Male and Female','White Non-Hispanic',2020,440.4,48901,7710316),(89,'Louisiana','All Types of Cancer','Male and Female','White Non-Hispanic',2020,440.5,16704,2734948),(90,'Hawaii','All Types of Cancer','Male and Female','White Non-Hispanic',2020,440.8,2176,305879),(91,'Florida','All Types of Cancer','Male and Female','White Non-Hispanic',2020,448.1,93344,11730894),(92,'Maine','All Types of Cancer','Male and Female','White Non-Hispanic',2020,451.6,8894,1267607),(93,'West Virginia','All Types of Cancer','Male and Female','White Non-Hispanic',2020,451.6,10977,1658328),(94,'Georgia','All Types of Cancer','Male and Female','White Non-Hispanic',2020,453.3,35223,5619010),(95,'Iowa','All Types of Cancer','Male and Female','White Non-Hispanic',2020,456.2,17218,2703472),(96,'New York','All Types of Cancer','Male and Female','White Non-Hispanic',2020,461,73184,10800896),(97,'Kentucky','All Types of Cancer','Male and Female','White Non-Hispanic',2020,467.8,23833,3805077),(98,'New Jersey','All Types of Cancer','Male and Female','White Non-Hispanic',2020,471.7,35286,4869242),(99,'South Dakota','All Types of Cancer','Male and Female','Black Non-Hispanic',2020,182.6,25,24969),(100,'Maine','All Types of Cancer','Male and Female','Black Non-Hispanic',2020,224.7,36,27177),(101,'Hawaii','All Types of Cancer','Male and Female','Black Non-Hispanic',2020,288.3,69,37370),(102,'New Hampshire','All Types of Cancer','Male and Female','Black Non-Hispanic',2020,290.5,49,25004),(103,'New Mexico','All Types of Cancer','Male and Female','Black Non-Hispanic',2020,291.7,144,48693),(104,'Montana','All Types of Cancer','Male and Female','Black Non-Hispanic',2020,300.3,16,9814),(105,'Arizona','All Types of Cancer','Male and Female','Black Non-Hispanic',2020,305.2,1002,383281),(106,'Rhode Island','All Types of Cancer','Male and Female','Black Non-Hispanic',2020,314.1,213,73927),(107,'Idaho','All Types of Cancer','Male and Female','Black Non-Hispanic',2020,346.9,37,19755),(108,'Alaska','All Types of Cancer','Male and Female','Black Non-Hispanic',2020,356.5,89,31954),(109,'Massachusetts','All Types of Cancer','Male and Female','Black Non-Hispanic',2020,361.2,1883,548755),(110,'Washington','All Types of Cancer','Male and Female','Black Non-Hispanic',2020,361.6,1060,388158),(111,'California','All Types of Cancer','Male and Female','Black Non-Hispanic',2020,364.9,9875,2449179),(112,'Florida','All Types of Cancer','Male and Female','Black Non-Hispanic',2020,365.7,12833,3491048),(113,'Colorado','All Types of Cancer','Male and Female','Black Non-Hispanic',2020,367.7,849,274547),(114,'Oregon','All Types of Cancer','Male and Female','Black Non-Hispanic',2020,375.9,309,109691),(115,'Delaware','All Types of Cancer','Male and Female','Black Non-Hispanic',2020,378.2,928,229283),(116,'Virginia','All Types of Cancer','Male and Female','Black Non-Hispanic',2020,378.9,7152,1721838),(117,'West Virginia','All Types of Cancer','Male and Female','Black Non-Hispanic',2020,381.8,282,73412),(118,'South Carolina','All Types of Cancer','Male and Female','Black Non-Hispanic',2020,384.8,6104,1407964),(119,'Michigan','All Types of Cancer','Male and Female','Black Non-Hispanic',2020,385.9,5892,1456824),(120,'New York','All Types of Cancer','Male and Female','Black Non-Hispanic',2020,389.6,13127,2913569),(121,'Connecticut','All Types of Cancer','Male and Female','Black Non-Hispanic',2020,389.9,1577,396872),(122,'Tennessee','All Types of Cancer','Male and Female','Black Non-Hispanic',2020,394,4682,1191073),(123,'Alabama','All Types of Cancer','Male and Female','Black Non-Hispanic',2020,395.7,5731,1331864),(124,'Arkansas','All Types of Cancer','Male and Female','Black Non-Hispanic',2020,397.2,1908,484875),(125,'Nebraska','All Types of Cancer','Male and Female','Black Non-Hispanic',2020,398.8,324,110002),(126,'Pennsylvania','All Types of Cancer','Male and Female','Black Non-Hispanic',2020,400.7,6027,1480541),(127,'Minnesota','All Types of Cancer','Male and Female','Black Non-Hispanic',2020,403.9,1062,438264),(128,'Ohio','All Types of Cancer','Male and Female','Black Non-Hispanic',2020,405,6463,1601597),(129,'Maryland','All Types of Cancer','Male and Female','Black Non-Hispanic',2020,405.1,8539,1881723),(130,'Utah','All Types of Cancer','Male and Female','Black Non-Hispanic',2020,406.4,97,49589),(131,'Texas','All Types of Cancer','Male and Female','Black Non-Hispanic',2020,409.4,13929,3699914),(132,'Oklahoma','All Types of Cancer','Male and Female','Black Non-Hispanic',2020,416.7,1271,340848),(133,'Illinois','All Types of Cancer','Male and Female','Black Non-Hispanic',2020,417.3,8387,1851058),(134,'District of Columbia','All Types of Cancer','Male and Female','Black Non-Hispanic',2020,419,1596,321426),(135,'Mississippi','All Types of Cancer','Male and Female','Black Non-Hispanic',2020,422.5,4959,1128396),(136,'Georgia','All Types of Cancer','Male and Female','Black Non-Hispanic',2020,425.5,14605,3490446),(137,'North Carolina','All Types of Cancer','Male and Female','Black Non-Hispanic',2020,427.8,11021,2344295),(138,'Missouri','All Types of Cancer','Male and Female','Black Non-Hispanic',2020,431.3,3225,758249),(139,'Kentucky','All Types of Cancer','Male and Female','Black Non-Hispanic',2020,432.8,1650,401092),(140,'Kansas','All Types of Cancer','Male and Female','Black Non-Hispanic',2020,436.9,736,194504),(141,'New Jersey','All Types of Cancer','Male and Female','Black Non-Hispanic',2020,443.3,5825,1199960),(142,'Louisiana','All Types of Cancer','Male and Female','Black Non-Hispanic',2020,444.1,7091,1532912),(143,'Vermont','All Types of Cancer','Male and Female','Black Non-Hispanic',2020,465.9,30,10699),(144,'Wisconsin','All Types of Cancer','Male and Female','Black Non-Hispanic',2020,508.2,1610,410303),(145,'Iowa','All Types of Cancer','Male and Female','Black Non-Hispanic',2020,513.2,425,148514),(146,'Alabama','All Types of Cancer','Male and Female','American Indian and Alaska Native Non-Hispanic',2020,95.3,39,30202),(147,'Tennessee','All Types of Cancer','Male and Female','American Indian and Alaska Native Non-Hispanic',2020,135.1,38,21282),(148,'Louisiana','All Types of Cancer','Male and Female','American Indian and Alaska Native Non-Hispanic',2020,167.5,60,32524),(149,'Connecticut','All Types of Cancer','Male and Female','American Indian and Alaska Native Non-Hispanic',2020,172.6,20,9756),(150,'Missouri','All Types of Cancer','Male and Female','American Indian and Alaska Native Non-Hispanic',2020,180.4,77,34089),(151,'Ohio','All Types of Cancer','Male and Female','American Indian and Alaska Native Non-Hispanic',2020,181.4,66,30737),(152,'Georgia','All Types of Cancer','Male and Female','American Indian and Alaska Native Non-Hispanic',2020,206.7,69,28214),(153,'Arizona','All Types of Cancer','Male and Female','American Indian and Alaska Native Non-Hispanic',2020,223.4,609,298906),(154,'South Carolina','All Types of Cancer','Male and Female','American Indian and Alaska Native Non-Hispanic',2020,240.1,57,21050),(155,'Mississippi','All Types of Cancer','Male and Female','American Indian and Alaska Native Non-Hispanic',2020,241,34,15491),(156,'Massachusetts','All Types of Cancer','Male and Female','American Indian and Alaska Native Non-Hispanic',2020,252.5,50,15715),(157,'New Mexico','All Types of Cancer','Male and Female','American Indian and Alaska Native Non-Hispanic',2020,268.3,494,189076),(158,'Utah','All Types of Cancer','Male and Female','American Indian and Alaska Native Non-Hispanic',2020,269.6,76,33580),(159,'Maryland','All Types of Cancer','Male and Female','American Indian and Alaska Native Non-Hispanic',2020,277.4,57,18026),(160,'Florida','All Types of Cancer','Male and Female','American Indian and Alaska Native Non-Hispanic',2020,286.6,249,61702),(161,'Rhode Island','All Types of Cancer','Male and Female','American Indian and Alaska Native Non-Hispanic',2020,292.9,16,5229),(162,'Texas','All Types of Cancer','Male and Female','American Indian and Alaska Native Non-Hispanic',2020,309,408,109182),(163,'Oregon','All Types of Cancer','Male and Female','American Indian and Alaska Native Non-Hispanic',2020,309.8,197,57722),(164,'Colorado','All Types of Cancer','Male and Female','American Indian and Alaska Native Non-Hispanic',2020,313.6,137,44138),(165,'Virginia','All Types of Cancer','Male and Female','American Indian and Alaska Native Non-Hispanic',2020,321.3,101,26040),(166,'Pennsylvania','All Types of Cancer','Male and Female','American Indian and Alaska Native Non-Hispanic',2020,332.9,91,23403),(167,'Maine','All Types of Cancer','Male and Female','American Indian and Alaska Native Non-Hispanic',2020,348.4,42,10480),(168,'North Carolina','All Types of Cancer','Male and Female','American Indian and Alaska Native Non-Hispanic',2020,357.5,508,124338),(169,'Idaho','All Types of Cancer','Male and Female','American Indian and Alaska Native Non-Hispanic',2020,363.6,90,22566),(170,'Iowa','All Types of Cancer','Male and Female','American Indian and Alaska Native Non-Hispanic',2020,368.7,35,10806),(171,'Wyoming','All Types of Cancer','Male and Female','American Indian and Alaska Native Non-Hispanic',2020,369.2,41,13263),(172,'Michigan','All Types of Cancer','Male and Female','American Indian and Alaska Native Non-Hispanic',2020,371.5,294,71190),(173,'Arkansas','All Types of Cancer','Male and Female','American Indian and Alaska Native Non-Hispanic',2020,384.4,111,26105),(174,'California','All Types of Cancer','Male and Female','American Indian and Alaska Native Non-Hispanic',2020,387.7,953,204845),(175,'Nebraska','All Types of Cancer','Male and Female','American Indian and Alaska Native Non-Hispanic',2020,393.5,55,17827),(176,'Washington','All Types of Cancer','Male and Female','American Indian and Alaska Native Non-Hispanic',2020,475.7,555,113827),(177,'Alaska','All Types of Cancer','Male and Female','American Indian and Alaska Native Non-Hispanic',2020,483.9,489,120732),(178,'Oklahoma','All Types of Cancer','Male and Female','American Indian and Alaska Native Non-Hispanic',2020,504.9,1752,386285),(179,'South Dakota','All Types of Cancer','Male and Female','American Indian and Alaska Native Non-Hispanic',2020,547.8,284,77413),(180,'Minnesota','All Types of Cancer','Male and Female','American Indian and Alaska Native Non-Hispanic',2020,550.4,319,68257),(181,'Wisconsin','All Types of Cancer','Male and Female','American Indian and Alaska Native Non-Hispanic',2020,578.6,327,57560),(182,'Montana','All Types of Cancer','Male and Female','American Indian and Alaska Native Non-Hispanic',2020,578.8,326,70695),(183,'Hawaii','All Types of Cancer','Male and Female','American Indian and Alaska Native Non-Hispanic',2020,1000.6,39,3429),(184,'District of Columbia','All Types of Cancer','Male and Female','Asian and Pacific Islander Non-Hispanic',2020,166.1,42,34413),(185,'Montana','All Types of Cancer','Male and Female','Asian and Pacific Islander Non-Hispanic',2020,191.9,21,12531),(186,'Connecticut','All Types of Cancer','Male and Female','Asian and Pacific Islander Non-Hispanic',2020,193.9,316,182848),(187,'Arizona','All Types of Cancer','Male and Female','Asian and Pacific Islander Non-Hispanic',2020,197,578,296873),(188,'New Mexico','All Types of Cancer','Male and Female','Asian and Pacific Islander Non-Hispanic',2020,200.8,89,38983),(189,'South Carolina','All Types of Cancer','Male and Female','Asian and Pacific Islander Non-Hispanic',2020,204.4,209,107031),(190,'Ohio','All Types of Cancer','Male and Female','Asian and Pacific Islander Non-Hispanic',2020,209.9,572,327080),(191,'Vermont','All Types of Cancer','Male and Female','Asian and Pacific Islander Non-Hispanic',2020,213.6,20,13228),(192,'Michigan','All Types of Cancer','Male and Female','Asian and Pacific Islander Non-Hispanic',2020,213.6,672,361567),(193,'Missouri','All Types of Cancer','Male and Female','Asian and Pacific Islander Non-Hispanic',2020,213.8,273,155462),(194,'Delaware','All Types of Cancer','Male and Female','Asian and Pacific Islander Non-Hispanic',2020,214.7,92,43348),(195,'Virginia','All Types of Cancer','Male and Female','Asian and Pacific Islander Non-Hispanic',2020,218.3,1381,650090),(196,'Rhode Island','All Types of Cancer','Male and Female','Asian and Pacific Islander Non-Hispanic',2020,219.7,70,40103),(197,'New Hampshire','All Types of Cancer','Male and Female','Asian and Pacific Islander Non-Hispanic',2020,220.3,80,44067),(198,'Pennsylvania','All Types of Cancer','Male and Female','Asian and Pacific Islander Non-Hispanic',2020,222,1013,507831),(199,'Tennessee','All Types of Cancer','Male and Female','Asian and Pacific Islander Non-Hispanic',2020,224.6,289,146814),(200,'Kentucky','All Types of Cancer','Male and Female','Asian and Pacific Islander Non-Hispanic',2020,232,153,82010),(201,'Nebraska','All Types of Cancer','Male and Female','Asian and Pacific Islander Non-Hispanic',2020,232.8,97,56670),(202,'Texas','All Types of Cancer','Male and Female','Asian and Pacific Islander Non-Hispanic',2020,233.5,3511,1625961),(203,'Mississippi','All Types of Cancer','Male and Female','Asian and Pacific Islander Non-Hispanic',2020,233.6,83,35963),(204,'Massachusetts','All Types of Cancer','Male and Female','Asian and Pacific Islander Non-Hispanic',2020,235.5,1087,526940),(205,'Wisconsin','All Types of Cancer','Male and Female','Asian and Pacific Islander Non-Hispanic',2020,239.2,296,191873),(206,'Florida','All Types of Cancer','Male and Female','Asian and Pacific Islander Non-Hispanic',2020,241.5,1934,699931),(207,'Alabama','All Types of Cancer','Male and Female','Asian and Pacific Islander Non-Hispanic',2020,242.3,186,82084),(208,'Kansas','All Types of Cancer','Male and Female','Asian and Pacific Islander Non-Hispanic',2020,243.5,196,100776),(209,'Maine','All Types of Cancer','Male and Female','Asian and Pacific Islander Non-Hispanic',2020,248.4,45,19611),(210,'North Carolina','All Types of Cancer','Male and Female','Asian and Pacific Islander Non-Hispanic',2020,248.5,727,368629),(211,'Alaska','All Types of Cancer','Male and Female','Asian and Pacific Islander Non-Hispanic',2020,249.6,153,63739),(212,'Illinois','All Types of Cancer','Male and Female','Asian and Pacific Islander Non-Hispanic',2020,252,2042,780438),(213,'Colorado','All Types of Cancer','Male and Female','Asian and Pacific Islander Non-Hispanic',2020,252.7,507,226757),(214,'Maryland','All Types of Cancer','Male and Female','Asian and Pacific Islander Non-Hispanic',2020,253.3,1210,435887),(215,'Arkansas','All Types of Cancer','Male and Female','Asian and Pacific Islander Non-Hispanic',2020,259.6,129,66815),(216,'California','All Types of Cancer','Male and Female','Asian and Pacific Islander Non-Hispanic',2020,261.3,20007,6422594),(217,'Louisiana','All Types of Cancer','Male and Female','Asian and Pacific Islander Non-Hispanic',2020,261.7,243,92300),(218,'Oregon','All Types of Cancer','Male and Female','Asian and Pacific Islander Non-Hispanic',2020,262.7,599,244045),(219,'New Jersey','All Types of Cancer','Male and Female','Asian and Pacific Islander Non-Hispanic',2020,262.8,2520,920832),(220,'Georgia','All Types of Cancer','Male and Female','Asian and Pacific Islander Non-Hispanic',2020,269.2,1232,504406),(221,'Washington','All Types of Cancer','Male and Female','Asian and Pacific Islander Non-Hispanic',2020,271.1,2185,860719),(222,'Idaho','All Types of Cancer','Male and Female','Asian and Pacific Islander Non-Hispanic',2020,277,85,34919),(223,'Minnesota','All Types of Cancer','Male and Female','Asian and Pacific Islander Non-Hispanic',2020,279.3,593,315728),(224,'West Virginia','All Types of Cancer','Male and Female','Asian and Pacific Islander Non-Hispanic',2020,281.9,49,17111),(225,'Utah','All Types of Cancer','Male and Female','Asian and Pacific Islander Non-Hispanic',2020,287.2,285,130443),(226,'Iowa','All Types of Cancer','Male and Female','Asian and Pacific Islander Non-Hispanic',2020,293.8,184,94813),(227,'New York','All Types of Cancer','Male and Female','Asian and Pacific Islander Non-Hispanic',2020,294.9,5897,1812223),(228,'Oklahoma','All Types of Cancer','Male and Female','Asian and Pacific Islander Non-Hispanic',2020,296.1,267,109743),(229,'South Dakota','All Types of Cancer','Male and Female','Asian and Pacific Islander Non-Hispanic',2020,297.8,32,16215),(230,'Hawaii','All Types of Cancer','Male and Female','Asian and Pacific Islander Non-Hispanic',2020,368.6,4524,912454),(231,'West Virginia','All Types of Cancer','Male and Female','Hispanic',2020,155.3,37,31999),(232,'Mississippi','All Types of Cancer','Male and Female','Hispanic',2020,167.2,105,99990),(233,'Alabama','All Types of Cancer','Male and Female','Hispanic',2020,203.2,283,226557),(234,'Arkansas','All Types of Cancer','Male and Female','Hispanic',2020,205.6,269,243163),(235,'Maine','All Types of Cancer','Male and Female','Hispanic',2020,207.2,36,25266),(236,'Missouri','All Types of Cancer','Male and Female','Hispanic',2020,221.5,400,276072),(237,'Virginia','All Types of Cancer','Male and Female','Hispanic',2020,232.1,1295,855301),(238,'Maryland','All Types of Cancer','Male and Female','Hispanic',2020,246.2,1068,654437),(239,'Tennessee','All Types of Cancer','Male and Female','Hispanic',2020,248,563,404410),(240,'Alaska','All Types of Cancer','Male and Female','Hispanic',2020,252.2,76,53556),(241,'District of Columbia','All Types of Cancer','Male and Female','Hispanic',2020,254,144,81115),(242,'Montana','All Types of Cancer','Male and Female','Hispanic',2020,256.7,74,44960),(243,'New Hampshire','All Types of Cancer','Male and Female','Hispanic',2020,265.2,96,57467),(244,'Iowa','All Types of Cancer','Male and Female','Hispanic',2020,266.4,296,205956),(245,'Arizona','All Types of Cancer','Male and Female','Hispanic',2020,266.4,4641,2366919),(246,'Kentucky','All Types of Cancer','Male and Female','Hispanic',2020,268.6,280,179277),(247,'Louisiana','All Types of Cancer','Male and Female','Hispanic',2020,273.7,534,252634),(248,'Wyoming','All Types of Cancer','Male and Female','Hispanic',2020,279.7,128,60279),(249,'Oregon','All Types of Cancer','Male and Female','Hispanic',2020,283.5,957,579836),(250,'Michigan','All Types of Cancer','Male and Female','Hispanic',2020,283.8,990,542105),(251,'North Carolina','All Types of Cancer','Male and Female','Hispanic',2020,286.6,1647,1052435),(252,'Texas','All Types of Cancer','Male and Female','Hispanic',2020,286.8,25154,11691857),(253,'South Dakota','All Types of Cancer','Male and Female','Hispanic',2020,289.4,54,39604),(254,'Ohio','All Types of Cancer','Male and Female','Hispanic',2020,290,885,488084),(255,'Vermont','All Types of Cancer','Male and Female','Hispanic',2020,291.1,25,13318),(256,'Oklahoma','All Types of Cancer','Male and Female','Hispanic',2020,291.7,721,452487),(257,'Washington','All Types of Cancer','Male and Female','Hispanic',2020,291.9,1647,1027545),(258,'Delaware','All Types of Cancer','Male and Female','Hispanic',2020,292.3,181,97078),(259,'California','All Types of Cancer','Male and Female','Hispanic',2020,299.3,36476,15569780),(260,'New Mexico','All Types of Cancer','Male and Female','Hispanic',2020,300.2,3100,1046092),(261,'Nebraska','All Types of Cancer','Male and Female','Hispanic',2020,308.7,387,225592),(262,'Illinois','All Types of Cancer','Male and Female','Hispanic',2020,312.6,4983,2219748),(263,'Colorado','All Types of Cancer','Male and Female','Hispanic',2020,321.7,2905,1274247),(264,'Georgia','All Types of Cancer','Male and Female','Hispanic',2020,327.6,2057,1067941),(265,'Kansas','All Types of Cancer','Male and Female','Hispanic',2020,329.4,688,362238),(266,'Rhode Island','All Types of Cancer','Male and Female','Hispanic',2020,331.6,414,176471),(267,'Florida','All Types of Cancer','Male and Female','Hispanic',2020,332.2,20057,5749737),(268,'Idaho','All Types of Cancer','Male and Female','Hispanic',2020,335.4,472,237272),(269,'New York','All Types of Cancer','Male and Female','Hispanic',2020,335.8,11625,3738921),(270,'Pennsylvania','All Types of Cancer','Male and Female','Hispanic',2020,343.4,2229,1032627),(271,'New Jersey','All Types of Cancer','Male and Female','Hispanic',2020,346.3,5464,1874656),(272,'Massachusetts','All Types of Cancer','Male and Female','Hispanic',2020,347.2,2131,867425),(273,'Connecticut','All Types of Cancer','Male and Female','Hispanic',2020,366.4,1655,612929),(274,'Minnesota','All Types of Cancer','Male and Female','Hispanic',2020,372.3,629,321686),(275,'South Carolina','All Types of Cancer','Male and Female','Hispanic',2020,390.4,669,320061),(276,'Utah','All Types of Cancer','Male and Female','Hispanic',2020,394,1041,471647),(277,'Hawaii','All Types of Cancer','Male and Female','Hispanic',2020,472.8,376,147874),(278,'Puerto Rico','All Types of Cancer','Male','All Races and Ethnicities',2020,327.8,7324,1555294),(279,'New Mexico','All Types of Cancer','Male','All Races and Ethnicities',2020,348.2,4567,1042459),(280,'Arizona','All Types of Cancer','Male','All Races and Ethnicities',2020,351,16225,3685926),(281,'Oregon','All Types of Cancer','Male','All Races and Ethnicities',2020,370,9798,2102461),(282,'California','All Types of Cancer','Male','All Races and Ethnicities',2020,383.4,81611,19577489),(283,'Colorado','All Types of Cancer','Male','All Races and Ethnicities',2020,384.5,12190,2925887),(284,'District of Columbia','All Types of Cancer','Male','All Races and Ethnicities',2020,385.6,1208,337932),(285,'Virginia','All Types of Cancer','Male','All Races and Ethnicities',2020,396.3,19541,4227531),(286,'Wyoming','All Types of Cancer','Male','All Races and Ethnicities',2020,398.7,1511,296891),(287,'Washington','All Types of Cancer','Male','All Races and Ethnicities',2020,407.8,17931,3853598),(288,'Rhode Island','All Types of Cancer','Male','All Races and Ethnicities',2020,408.7,2662,514692),(289,'Hawaii','All Types of Cancer','Male','All Races and Ethnicities',2020,408.8,3739,704366),(290,'Texas','All Types of Cancer','Male','All Races and Ethnicities',2020,416.3,59631,14581051),(291,'Massachusetts','All Types of Cancer','Male','All Races and Ethnicities',2020,417.9,17133,3347032),(292,'Utah','All Types of Cancer','Male','All Races and Ethnicities',2020,421.2,6113,1637740),(293,'Nebraska','All Types of Cancer','Male','All Races and Ethnicities',2020,423,4723,967813),(294,'Alaska','All Types of Cancer','Male','All Races and Ethnicities',2020,426.3,1663,381537),(295,'Michigan','All Types of Cancer','Male','All Races and Ethnicities',2020,432.8,26933,4907813),(296,'South Carolina','All Types of Cancer','Male','All Races and Ethnicities',2020,433.2,14065,2523412),(297,'Delaware','All Types of Cancer','Male','All Races and Ethnicities',2020,433.3,2846,476740),(298,'Maryland','All Types of Cancer','Male','All Races and Ethnicities',2020,435.5,15003,2932574),(299,'Florida','All Types of Cancer','Male','All Races and Ethnicities',2020,439.1,66158,10620180),(300,'Alabama','All Types of Cancer','Male','All Races and Ethnicities',2020,440.4,12969,2376966),(301,'Connecticut','All Types of Cancer','Male','All Races and Ethnicities',2020,441.2,9772,1734920),(302,'Vermont','All Types of Cancer','Male','All Races and Ethnicities',2020,443,1912,307992),(303,'Arkansas','All Types of Cancer','Male','All Races and Ethnicities',2020,444.1,8097,1486856),(304,'Montana','All Types of Cancer','Male','All Races and Ethnicities',2020,445,3291,544101),(305,'Pennsylvania','All Types of Cancer','Male','All Races and Ethnicities',2020,445.3,36420,6267042),(306,'New Hampshire','All Types of Cancer','Male','All Races and Ethnicities',2020,446.4,4148,676994),(307,'Kansas','All Types of Cancer','Male','All Races and Ethnicities',2020,450.3,7635,1451540),(308,'Oklahoma','All Types of Cancer','Male','All Races and Ethnicities',2020,452.4,10270,1971181),(309,'Missouri','All Types of Cancer','Male','All Races and Ethnicities',2020,454.7,16949,3017723),(310,'Illinois','All Types of Cancer','Male','All Races and Ethnicities',2020,455.2,32987,6185306),(311,'Idaho','All Types of Cancer','Male','All Races and Ethnicities',2020,456.3,4923,916124),(312,'South Dakota','All Types of Cancer','Male','All Races and Ethnicities',2020,462.8,2518,450659),(313,'New York','All Types of Cancer','Male','All Races and Ethnicities',2020,463.5,52814,9390497),(314,'Minnesota','All Types of Cancer','Male','All Races and Ethnicities',2020,464,15590,2818594),(315,'Mississippi','All Types of Cancer','Male','All Races and Ethnicities',2020,465.7,7972,1435815),(316,'Ohio','All Types of Cancer','Male','All Races and Ethnicities',2020,466,33294,5732661),(317,'North Carolina','All Types of Cancer','Male','All Races and Ethnicities',2020,467.1,28971,5152582),(318,'Tennessee','All Types of Cancer','Male','All Races and Ethnicities',2020,467.6,18979,3358020),(319,'Wisconsin','All Types of Cancer','Male','All Races and Ethnicities',2020,470.2,17355,2903716),(320,'West Virginia','All Types of Cancer','Male','All Races and Ethnicities',2020,471.1,5858,884276),(321,'North Dakota','All Types of Cancer','Male','All Races and Ethnicities',2020,471.8,2076,391815),(322,'Georgia','All Types of Cancer','Male','All Races and Ethnicities',2020,489.7,27693,5201549),(323,'New Jersey','All Types of Cancer','Male','All Races and Ethnicities',2020,490,25653,4343049),(324,'Maine','All Types of Cancer','Male','All Races and Ethnicities',2020,492,4791,661301),(325,'Louisiana','All Types of Cancer','Male','All Races and Ethnicities',2020,493.8,13152,2264160),(326,'Iowa','All Types of Cancer','Male','All Races and Ethnicities',2020,497.8,9633,1575695),(327,'Kentucky','All Types of Cancer','Male','All Races and Ethnicities',2020,507.8,13572,2205345),(328,'District of Columbia','All Types of Cancer','Male','White Non-Hispanic',2020,317.1,397,136184),(329,'New Mexico','All Types of Cancer','Male','White Non-Hispanic',2020,363.2,2533,388022),(330,'Arizona','All Types of Cancer','Male','White Non-Hispanic',2020,376.4,12785,2013357),(331,'Oregon','All Types of Cancer','Male','White Non-Hispanic',2020,377.5,8738,1600550),(332,'Colorado','All Types of Cancer','Male','White Non-Hispanic',2020,388.4,9863,2002532),(333,'Wyoming','All Types of Cancer','Male','White Non-Hispanic',2020,402.7,1393,250498),(334,'Virginia','All Types of Cancer','Male','White Non-Hispanic',2020,404.3,14446,2637408),(335,'Washington','All Types of Cancer','Male','White Non-Hispanic',2020,408.6,14701,2647197),(336,'Rhode Island','All Types of Cancer','Male','White Non-Hispanic',2020,417.6,2291,367048),(337,'Utah','All Types of Cancer','Male','White Non-Hispanic',2020,420.7,5300,1287800),(338,'Nebraska','All Types of Cancer','Male','White Non-Hispanic',2020,423.3,4208,757498),(339,'Michigan','All Types of Cancer','Male','White Non-Hispanic',2020,423.7,22070,3726688),(340,'Massachusetts','All Types of Cancer','Male','White Non-Hispanic',2020,424.3,14456,2389132),(341,'California','All Types of Cancer','Male','White Non-Hispanic',2020,430.5,47681,7365392),(342,'South Carolina','All Types of Cancer','Male','White Non-Hispanic',2020,430.7,10397,1638616),(343,'Delaware','All Types of Cancer','Male','White Non-Hispanic',2020,434,2177,296209),(344,'Montana','All Types of Cancer','Male','White Non-Hispanic',2020,434.8,3016,475215),(345,'Alaska','All Types of Cancer','Male','White Non-Hispanic',2020,434.8,1269,243723),(346,'Alabama','All Types of Cancer','Male','White Non-Hispanic',2020,436.9,9640,1587080),(347,'Pennsylvania','All Types of Cancer','Male','White Non-Hispanic',2020,443.5,31045,4771029),(348,'Vermont','All Types of Cancer','Male','White Non-Hispanic',2020,445.2,1857,287880),(349,'New Hampshire','All Types of Cancer','Male','White Non-Hispanic',2020,447,3962,610219),(350,'Oklahoma','All Types of Cancer','Male','White Non-Hispanic',2020,448.2,8152,1322611),(351,'Kansas','All Types of Cancer','Male','White Non-Hispanic',2020,449.5,6574,1100210),(352,'Connecticut','All Types of Cancer','Male','White Non-Hispanic',2020,452.8,7993,1147913),(353,'Missouri','All Types of Cancer','Male','White Non-Hispanic',2020,454.6,14793,2422725),(354,'Maryland','All Types of Cancer','Male','White Non-Hispanic',2020,455,9731,1501660),(355,'Tennessee','All Types of Cancer','Male','White Non-Hispanic',2020,456.3,15438,2503449),(356,'Arkansas','All Types of Cancer','Male','White Non-Hispanic',2020,456.9,6892,1084007),(357,'Mississippi','All Types of Cancer','Male','White Non-Hispanic',2020,458.3,5269,826996),(358,'South Dakota','All Types of Cancer','Male','White Non-Hispanic',2020,460.7,2321,369315),(359,'Idaho','All Types of Cancer','Male','White Non-Hispanic',2020,462,4530,755926),(360,'Texas','All Types of Cancer','Male','White Non-Hispanic',2020,463.5,37825,6063778),(361,'North Carolina','All Types of Cancer','Male','White Non-Hispanic',2020,464.5,21576,3277105),(362,'Minnesota','All Types of Cancer','Male','White Non-Hispanic',2020,465.9,14177,2239725),(363,'Ohio','All Types of Cancer','Male','White Non-Hispanic',2020,467.2,28767,4539731),(364,'Wisconsin','All Types of Cancer','Male','White Non-Hispanic',2020,470.2,15806,2359757),(365,'Florida','All Types of Cancer','Male','White Non-Hispanic',2020,471.2,48682,5745470),(366,'West Virginia','All Types of Cancer','Male','White Non-Hispanic',2020,474.1,5608,817264),(367,'Illinois','All Types of Cancer','Male','White Non-Hispanic',2020,474.4,24958,3791759),(368,'Louisiana','All Types of Cancer','Male','White Non-Hispanic',2020,492.5,8921,1343835),(369,'Maine','All Types of Cancer','Male','White Non-Hispanic',2020,494.7,4668,619537),(370,'New York','All Types of Cancer','Male','White Non-Hispanic',2020,494.9,37319,5287517),(371,'Hawaii','All Types of Cancer','Male','White Non-Hispanic',2020,496.9,1368,165651),(372,'Iowa','All Types of Cancer','Male','White Non-Hispanic',2020,498.1,9019,1336478),(373,'Georgia','All Types of Cancer','Male','White Non-Hispanic',2020,500.6,18516,2759921),(374,'New Jersey','All Types of Cancer','Male','White Non-Hispanic',2020,510.3,18003,2378225),(375,'Kentucky','All Types of Cancer','Male','White Non-Hispanic',2020,510.4,12309,1865039),(376,'South Dakota','All Types of Cancer','Male','Black Non-Hispanic',2020,218.6,18,14359),(377,'Hawaii','All Types of Cancer','Male','Black Non-Hispanic',2020,290.7,42,22307),(378,'New Hampshire','All Types of Cancer','Male','Black Non-Hispanic',2020,296.5,29,13773),(379,'Rhode Island','All Types of Cancer','Male','Black Non-Hispanic',2020,305.9,100,36978),(380,'Arizona','All Types of Cancer','Male','Black Non-Hispanic',2020,308.2,485,197402),(381,'Maine','All Types of Cancer','Male','Black Non-Hispanic',2020,312.9,28,14833),(382,'New Mexico','All Types of Cancer','Male','Black Non-Hispanic',2020,316.1,84,27363),(383,'Colorado','All Types of Cancer','Male','Black Non-Hispanic',2020,385.7,435,146622),(384,'California','All Types of Cancer','Male','Black Non-Hispanic',2020,396.6,4912,1222455),(385,'Florida','All Types of Cancer','Male','Black Non-Hispanic',2020,399.5,6219,1680218),(386,'West Virginia','All Types of Cancer','Male','Black Non-Hispanic',2020,405,144,39625),(387,'Oregon','All Types of Cancer','Male','Black Non-Hispanic',2020,405.8,173,58898),(388,'Washington','All Types of Cancer','Male','Black Non-Hispanic',2020,407.6,605,208860),(389,'Virginia','All Types of Cancer','Male','Black Non-Hispanic',2020,415.1,3486,827543),(390,'Massachusetts','All Types of Cancer','Male','Black Non-Hispanic',2020,422.8,969,267259),(391,'Delaware','All Types of Cancer','Male','Black Non-Hispanic',2020,437.6,468,108274),(392,'South Carolina','All Types of Cancer','Male','Black Non-Hispanic',2020,444.2,3065,655720),(393,'Connecticut','All Types of Cancer','Male','Black Non-Hispanic',2020,445,770,189556),(394,'Michigan','All Types of Cancer','Male','Black Non-Hispanic',2020,445,2915,691951),(395,'Minnesota','All Types of Cancer','Male','Black Non-Hispanic',2020,445.2,546,223543),(396,'Arkansas','All Types of Cancer','Male','Black Non-Hispanic',2020,448,952,230345),(397,'Pennsylvania','All Types of Cancer','Male','Black Non-Hispanic',2020,450.5,2890,714570),(398,'Alabama','All Types of Cancer','Male','Black Non-Hispanic',2020,455.1,2863,618075),(399,'Idaho','All Types of Cancer','Male','Black Non-Hispanic',2020,455.3,26,11127),(400,'New York','All Types of Cancer','Male','Black Non-Hispanic',2020,455.8,6463,1363338),(401,'Ohio','All Types of Cancer','Male','Black Non-Hispanic',2020,456.7,3207,769714),(402,'Alaska','All Types of Cancer','Male','Black Non-Hispanic',2020,457,63,17809),(403,'Maryland','All Types of Cancer','Male','Black Non-Hispanic',2020,457.6,4075,877750),(404,'Oklahoma','All Types of Cancer','Male','Black Non-Hispanic',2020,462.9,650,171058),(405,'Kentucky','All Types of Cancer','Male','Black Non-Hispanic',2020,464.4,810,199721),(406,'District of Columbia','All Types of Cancer','Male','Black Non-Hispanic',2020,465.7,728,145364),(407,'Kansas','All Types of Cancer','Male','Black Non-Hispanic',2020,468.2,375,100723),(408,'Tennessee','All Types of Cancer','Male','Black Non-Hispanic',2020,474.6,2434,562474),(409,'Nebraska','All Types of Cancer','Male','Black Non-Hispanic',2020,478.8,180,56610),(410,'Texas','All Types of Cancer','Male','Black Non-Hispanic',2020,479.2,7057,1789746),(411,'Illinois','All Types of Cancer','Male','Black Non-Hispanic',2020,479.9,4089,871362),(412,'Missouri','All Types of Cancer','Male','Black Non-Hispanic',2020,480.3,1531,361116),(413,'North Carolina','All Types of Cancer','Male','Black Non-Hispanic',2020,498.7,5549,1096046),(414,'Mississippi','All Types of Cancer','Male','Black Non-Hispanic',2020,503.9,2584,529348),(415,'Georgia','All Types of Cancer','Male','Black Non-Hispanic',2020,507.1,7412,1628586),(416,'New Jersey','All Types of Cancer','Male','Black Non-Hispanic',2020,525,2898,568545),(417,'Louisiana','All Types of Cancer','Male','Black Non-Hispanic',2020,534.3,3745,725480),(418,'Utah','All Types of Cancer','Male','Black Non-Hispanic',2020,551.2,69,28008),(419,'Iowa','All Types of Cancer','Male','Black Non-Hispanic',2020,587,237,78636),(420,'Wisconsin','All Types of Cancer','Male','Black Non-Hispanic',2020,603.2,839,202631),(421,'Alabama','All Types of Cancer','Male','American Indian and Alaska Native Non-Hispanic',2020,113.2,24,14753),(422,'Tennessee','All Types of Cancer','Male','American Indian and Alaska Native Non-Hispanic',2020,137.2,19,10783),(423,'Ohio','All Types of Cancer','Male','American Indian and Alaska Native Non-Hispanic',2020,163.1,30,14979),(424,'Missouri','All Types of Cancer','Male','American Indian and Alaska Native Non-Hispanic',2020,190,44,16974),(425,'Georgia','All Types of Cancer','Male','American Indian and Alaska Native Non-Hispanic',2020,199.3,34,13631),(426,'Louisiana','All Types of Cancer','Male','American Indian and Alaska Native Non-Hispanic',2020,209.4,34,15933),(427,'South Carolina','All Types of Cancer','Male','American Indian and Alaska Native Non-Hispanic',2020,212.1,25,10290),(428,'Arizona','All Types of Cancer','Male','American Indian and Alaska Native Non-Hispanic',2020,230.5,272,144658),(429,'Mississippi','All Types of Cancer','Male','American Indian and Alaska Native Non-Hispanic',2020,256.9,17,7463),(430,'Virginia','All Types of Cancer','Male','American Indian and Alaska Native Non-Hispanic',2020,268.8,42,12985),(431,'New Mexico','All Types of Cancer','Male','American Indian and Alaska Native Non-Hispanic',2020,274.8,217,90399),(432,'Maryland','All Types of Cancer','Male','American Indian and Alaska Native Non-Hispanic',2020,275.3,25,8603),(433,'Utah','All Types of Cancer','Male','American Indian and Alaska Native Non-Hispanic',2020,278.9,38,16493),(434,'Massachusetts','All Types of Cancer','Male','American Indian and Alaska Native Non-Hispanic',2020,284.8,27,7729),(435,'Oregon','All Types of Cancer','Male','American Indian and Alaska Native Non-Hispanic',2020,291.3,87,28463),(436,'Florida','All Types of Cancer','Male','American Indian and Alaska Native Non-Hispanic',2020,303,130,30648),(437,'Texas','All Types of Cancer','Male','American Indian and Alaska Native Non-Hispanic',2020,305.5,201,54440),(438,'Colorado','All Types of Cancer','Male','American Indian and Alaska Native Non-Hispanic',2020,316.8,64,22018),(439,'Arkansas','All Types of Cancer','Male','American Indian and Alaska Native Non-Hispanic',2020,324.6,47,12791),(440,'Pennsylvania','All Types of Cancer','Male','American Indian and Alaska Native Non-Hispanic',2020,336.7,44,11332),(441,'Michigan','All Types of Cancer','Male','American Indian and Alaska Native Non-Hispanic',2020,348.7,136,34751),(442,'Maine','All Types of Cancer','Male','American Indian and Alaska Native Non-Hispanic',2020,361,21,5162),(443,'Nebraska','All Types of Cancer','Male','American Indian and Alaska Native Non-Hispanic',2020,365.4,23,8680),(444,'Idaho','All Types of Cancer','Male','American Indian and Alaska Native Non-Hispanic',2020,374.7,43,11258),(445,'California','All Types of Cancer','Male','American Indian and Alaska Native Non-Hispanic',2020,374.8,440,100067),(446,'Iowa','All Types of Cancer','Male','American Indian and Alaska Native Non-Hispanic',2020,422.2,19,5263),(447,'North Carolina','All Types of Cancer','Male','American Indian and Alaska Native Non-Hispanic',2020,422.5,276,59591),(448,'Wyoming','All Types of Cancer','Male','American Indian and Alaska Native Non-Hispanic',2020,492.9,25,6644),(449,'Washington','All Types of Cancer','Male','American Indian and Alaska Native Non-Hispanic',2020,509.9,266,56041),(450,'Alaska','All Types of Cancer','Male','American Indian and Alaska Native Non-Hispanic',2020,527.3,234,61032),(451,'Wisconsin','All Types of Cancer','Male','American Indian and Alaska Native Non-Hispanic',2020,553.9,150,28562),(452,'Oklahoma','All Types of Cancer','Male','American Indian and Alaska Native Non-Hispanic',2020,554.3,869,189693),(453,'South Dakota','All Types of Cancer','Male','American Indian and Alaska Native Non-Hispanic',2020,580.7,133,38125),(454,'Minnesota','All Types of Cancer','Male','American Indian and Alaska Native Non-Hispanic',2020,589.8,156,33605),(455,'Montana','All Types of Cancer','Male','American Indian and Alaska Native Non-Hispanic',2020,613.8,157,34915),(456,'Hawaii','All Types of Cancer','Male','American Indian and Alaska Native Non-Hispanic',2020,899.5,18,1798),(457,'Arizona','All Types of Cancer','Male','Asian and Pacific Islander Non-Hispanic',2020,161.4,194,141290),(458,'Rhode Island','All Types of Cancer','Male','Asian and Pacific Islander Non-Hispanic',2020,167.4,24,19291),(459,'Alaska','All Types of Cancer','Male','Asian and Pacific Islander Non-Hispanic',2020,168.9,47,30784),(460,'Connecticut','All Types of Cancer','Male','Asian and Pacific Islander Non-Hispanic',2020,170.3,123,88696),(461,'Delaware','All Types of Cancer','Male','Asian and Pacific Islander Non-Hispanic',2020,173.8,33,21240),(462,'Ohio','All Types of Cancer','Male','Asian and Pacific Islander Non-Hispanic',2020,187.9,219,158923),(463,'New Mexico','All Types of Cancer','Male','Asian and Pacific Islander Non-Hispanic',2020,188.5,34,17772),(464,'Virginia','All Types of Cancer','Male','Asian and Pacific Islander Non-Hispanic',2020,198.4,536,309172),(465,'Kansas','All Types of Cancer','Male','Asian and Pacific Islander Non-Hispanic',2020,203,72,49363),(466,'Michigan','All Types of Cancer','Male','Asian and Pacific Islander Non-Hispanic',2020,204.6,291,178955),(467,'Pennsylvania','All Types of Cancer','Male','Asian and Pacific Islander Non-Hispanic',2020,210.1,432,246257),(468,'South Carolina','All Types of Cancer','Male','Asian and Pacific Islander Non-Hispanic',2020,210.3,90,50831),(469,'Arkansas','All Types of Cancer','Male','Asian and Pacific Islander Non-Hispanic',2020,211,44,33145),(470,'Tennessee','All Types of Cancer','Male','Asian and Pacific Islander Non-Hispanic',2020,218.7,118,70065),(471,'Missouri','All Types of Cancer','Male','Asian and Pacific Islander Non-Hispanic',2020,220.4,120,74736),(472,'Florida','All Types of Cancer','Male','Asian and Pacific Islander Non-Hispanic',2020,223.1,776,324448),(473,'Alabama','All Types of Cancer','Male','Asian and Pacific Islander Non-Hispanic',2020,226.7,74,38387),(474,'Texas','All Types of Cancer','Male','Asian and Pacific Islander Non-Hispanic',2020,233,1560,792342),(475,'Colorado','All Types of Cancer','Male','Asian and Pacific Islander Non-Hispanic',2020,236,187,105995),(476,'Oregon','All Types of Cancer','Male','Asian and Pacific Islander Non-Hispanic',2020,245.1,233,114698),(477,'California','All Types of Cancer','Male','Asian and Pacific Islander Non-Hispanic',2020,247.1,8493,3062540),(478,'Massachusetts','All Types of Cancer','Male','Asian and Pacific Islander Non-Hispanic',2020,247.8,503,252944),(479,'Maryland','All Types of Cancer','Male','Asian and Pacific Islander Non-Hispanic',2020,248.2,529,207286),(480,'West Virginia','All Types of Cancer','Male','Asian and Pacific Islander Non-Hispanic',2020,250.7,19,8172),(481,'Kentucky','All Types of Cancer','Male','Asian and Pacific Islander Non-Hispanic',2020,255.1,72,39750),(482,'North Carolina','All Types of Cancer','Male','Asian and Pacific Islander Non-Hispanic',2020,255.2,315,179237),(483,'New Hampshire','All Types of Cancer','Male','Asian and Pacific Islander Non-Hispanic',2020,255.4,40,21128),(484,'Illinois','All Types of Cancer','Male','Asian and Pacific Islander Non-Hispanic',2020,260.9,960,377191),(485,'New Jersey','All Types of Cancer','Male','Asian and Pacific Islander Non-Hispanic',2020,261.8,1152,449320),(486,'Wisconsin','All Types of Cancer','Male','Asian and Pacific Islander Non-Hispanic',2020,264.7,138,93997),(487,'Mississippi','All Types of Cancer','Male','Asian and Pacific Islander Non-Hispanic',2020,266.3,40,16912),(488,'Nebraska','All Types of Cancer','Male','Asian and Pacific Islander Non-Hispanic',2020,266.6,48,27744),(489,'Washington','All Types of Cancer','Male','Asian and Pacific Islander Non-Hispanic',2020,267.3,895,411553),(490,'Louisiana','All Types of Cancer','Male','Asian and Pacific Islander Non-Hispanic',2020,279.8,123,45424),(491,'New York','All Types of Cancer','Male','Asian and Pacific Islander Non-Hispanic',2020,283.7,2628,864793),(492,'Minnesota','All Types of Cancer','Male','Asian and Pacific Islander Non-Hispanic',2020,287.5,266,154614),(493,'Georgia','All Types of Cancer','Male','Asian and Pacific Islander Non-Hispanic',2020,288.8,588,243933),(494,'Iowa','All Types of Cancer','Male','Asian and Pacific Islander Non-Hispanic',2020,292.9,78,48121),(495,'Utah','All Types of Cancer','Male','Asian and Pacific Islander Non-Hispanic',2020,299.7,127,63793),(496,'Oklahoma','All Types of Cancer','Male','Asian and Pacific Islander Non-Hispanic',2020,308.2,110,52607),(497,'Idaho','All Types of Cancer','Male','Asian and Pacific Islander Non-Hispanic',2020,308.9,38,15833),(498,'Hawaii','All Types of Cancer','Male','Asian and Pacific Islander Non-Hispanic',2020,369.4,2097,438520),(499,'Mississippi','All Types of Cancer','Male','Hispanic',2020,166.5,59,55096),(500,'West Virginia','All Types of Cancer','Male','Hispanic',2020,182.2,21,17143),(501,'Alabama','All Types of Cancer','Male','Hispanic',2020,211.6,144,118671),(502,'Missouri','All Types of Cancer','Male','Hispanic',2020,218.4,184,142172),(503,'Virginia','All Types of Cancer','Male','Hispanic',2020,222.1,546,440423),(504,'Arkansas','All Types of Cancer','Male','Hispanic',2020,222.7,131,126568),(505,'Delaware','All Types of Cancer','Male','Hispanic',2020,249.5,73,49353),(506,'Maryland','All Types of Cancer','Male','Hispanic',2020,251.8,478,337275),(507,'District of Columbia','All Types of Cancer','Male','Hispanic',2020,252.2,60,40965),(508,'Tennessee','All Types of Cancer','Male','Hispanic',2020,258.5,288,211249),(509,'Alaska','All Types of Cancer','Male','Hispanic',2020,263.8,36,28189),(510,'Oregon','All Types of Cancer','Male','Hispanic',2020,266.2,425,299852),(511,'Arizona','All Types of Cancer','Male','Hispanic',2020,268.3,2102,1189219),(512,'Iowa','All Types of Cancer','Male','Hispanic',2020,270.4,147,107197),(513,'Louisiana','All Types of Cancer','Male','Hispanic',2020,271.5,256,133488),(514,'Oklahoma','All Types of Cancer','Male','Hispanic',2020,277,323,235212),(515,'Kentucky','All Types of Cancer','Male','Hispanic',2020,278.8,140,95904),(516,'Michigan','All Types of Cancer','Male','Hispanic',2020,279.4,455,275468),(517,'North Carolina','All Types of Cancer','Male','Hispanic',2020,279.9,736,540603),(518,'Washington','All Types of Cancer','Male','Hispanic',2020,285.2,741,529947),(519,'Ohio','All Types of Cancer','Male','Hispanic',2020,288.8,406,249314),(520,'Nebraska','All Types of Cancer','Male','Hispanic',2020,295.3,172,117281),(521,'Montana','All Types of Cancer','Male','Hispanic',2020,296.8,40,22924),(522,'New Hampshire','All Types of Cancer','Male','Hispanic',2020,297.8,46,29859),(523,'Texas','All Types of Cancer','Male','Hispanic',2020,303.1,12008,5880745),(524,'New Mexico','All Types of Cancer','Male','Hispanic',2020,308.5,1493,518903),(525,'California','All Types of Cancer','Male','Hispanic',2020,308.8,16868,7827035),(526,'Wyoming','All Types of Cancer','Male','Hispanic',2020,311.6,71,31567),(527,'Illinois','All Types of Cancer','Male','Hispanic',2020,311.6,2307,1132541),(528,'Rhode Island','All Types of Cancer','Male','Hispanic',2020,324.8,183,88838),(529,'Colorado','All Types of Cancer','Male','Hispanic',2020,327.9,1333,648720),(530,'Kansas','All Types of Cancer','Male','Hispanic',2020,328.8,324,187159),(531,'Georgia','All Types of Cancer','Male','Hispanic',2020,329.9,954,555478),(532,'Minnesota','All Types of Cancer','Male','Hispanic',2020,343.8,279,167107),(533,'Idaho','All Types of Cancer','Male','Hispanic',2020,346.5,221,121980),(534,'Florida','All Types of Cancer','Male','Hispanic',2020,352.1,9407,2839396),(535,'Connecticut','All Types of Cancer','Male','Hispanic',2020,358.9,723,303872),(536,'New York','All Types of Cancer','Male','Hispanic',2020,360.7,5426,1840454),(537,'South Dakota','All Types of Cancer','Male','Hispanic',2020,362.5,33,21145),(538,'Utah','All Types of Cancer','Male','Hispanic',2020,364.7,430,241646),(539,'Massachusetts','All Types of Cancer','Male','Hispanic',2020,364.9,965,429968),(540,'Pennsylvania','All Types of Cancer','Male','Hispanic',2020,368.8,1048,523854),(541,'New Jersey','All Types of Cancer','Male','Hispanic',2020,383.7,2674,938398),(542,'South Carolina','All Types of Cancer','Male','Hispanic',2020,435,339,167955),(543,'Hawaii','All Types of Cancer','Male','Hispanic',2020,446.6,160,76090),(544,'Puerto Rico','All Types of Cancer','Female','All Races and Ethnicities',2020,280.3,6838,1726244),(545,'New Mexico','All Types of Cancer','Female','All Races and Ethnicities',2020,322.2,4464,1063860),(546,'Arizona','All Types of Cancer','Female','All Races and Ethnicities',2020,328.1,15946,3735475),(547,'California','All Types of Cancer','Female','All Races and Ethnicities',2020,347.1,82115,19790589),(548,'Colorado','All Types of Cancer','Female','All Races and Ethnicities',2020,351.7,12018,2881832),(549,'District of Columbia','All Types of Cancer','Female','All Races and Ethnicities',2020,354.2,1377,374884),(550,'Texas','All Types of Cancer','Female','All Races and Ethnicities',2020,354.5,57242,14779708),(551,'Utah','All Types of Cancer','Female','All Races and Ethnicities',2020,356.9,5492,1612139),(552,'Virginia','All Types of Cancer','Female','All Races and Ethnicities',2020,365.2,20055,4363032),(553,'Oregon','All Types of Cancer','Female','All Races and Ethnicities',2020,366.6,10343,2139046),(554,'South Carolina','All Types of Cancer','Female','All Races and Ethnicities',2020,367,13297,2694628),(555,'Mississippi','All Types of Cancer','Female','All Races and Ethnicities',2020,368.9,7173,1530971),(556,'Michigan','All Types of Cancer','Female','All Races and Ethnicities',2020,370.6,25055,5058742),(557,'Arkansas','All Types of Cancer','Female','All Races and Ethnicities',2020,370.6,7382,1543666),(558,'Alabama','All Types of Cancer','Female','All Races and Ethnicities',2020,371.9,12379,2544566),(559,'Massachusetts','All Types of Cancer','Female','All Races and Ethnicities',2020,375.5,17602,3546542),(560,'Hawaii','All Types of Cancer','Female','All Races and Ethnicities',2020,377.2,3546,702640),(561,'Wyoming','All Types of Cancer','Female','All Races and Ethnicities',2020,378.3,1342,285437),(562,'Delaware','All Types of Cancer','Female','All Races and Ethnicities',2020,378.5,2689,510069),(563,'Tennessee','All Types of Cancer','Female','All Races and Ethnicities',2020,381.1,17417,3528814),(564,'Montana','All Types of Cancer','Female','All Races and Ethnicities',2020,382.2,2753,536476),(565,'Alaska','All Types of Cancer','Female','All Races and Ethnicities',2020,382.4,1447,349621),(566,'Washington','All Types of Cancer','Female','All Races and Ethnicities',2020,383.5,18086,3840014),(567,'Oklahoma','All Types of Cancer','Female','All Races and Ethnicities',2020,385.3,9518,2009602),(568,'Nebraska','All Types of Cancer','Female','All Races and Ethnicities',2020,388.4,4558,969739),(569,'Louisiana','All Types of Cancer','Female','All Races and Ethnicities',2020,389.3,11582,2381158),(570,'Idaho','All Types of Cancer','Female','All Races and Ethnicities',2020,389.7,4285,910789),(571,'Maryland','All Types of Cancer','Female','All Races and Ethnicities',2020,390.3,15600,3123228),(572,'Rhode Island','All Types of Cancer','Female','All Races and Ethnicities',2020,393.1,2890,542433),(573,'Georgia','All Types of Cancer','Female','All Races and Ethnicities',2020,394,25792,5508468),(574,'Pennsylvania','All Types of Cancer','Female','All Races and Ethnicities',2020,396.6,35982,6516212),(575,'North Dakota','All Types of Cancer','Female','All Races and Ethnicities',2020,396.6,1767,373494),(576,'Florida','All Types of Cancer','Female','All Races and Ethnicities',2020,397.1,64100,11113132),(577,'Illinois','All Types of Cancer','Female','All Races and Ethnicities',2020,397.3,32411,6402224),(578,'Kansas','All Types of Cancer','Female','All Races and Ethnicities',2020,398.3,7223,1462265),(579,'North Carolina','All Types of Cancer','Female','All Races and Ethnicities',2020,401,28271,5448241),(580,'Vermont','All Types of Cancer','Female','All Races and Ethnicities',2020,402.9,1798,315355),(581,'Wisconsin','All Types of Cancer','Female','All Races and Ethnicities',2020,403.7,15606,2928939),(582,'New York','All Types of Cancer','Female','All Races and Ethnicities',2020,404.3,52785,9946279),(583,'Ohio','All Types of Cancer','Female','All Races and Ethnicities',2020,404.9,31857,5960556),(584,'South Dakota','All Types of Cancer','Female','All Races and Ethnicities',2020,405.7,2220,442058),(585,'Connecticut','All Types of Cancer','Female','All Races and Ethnicities',2020,406.7,10089,1822086),(586,'Missouri','All Types of Cancer','Female','All Races and Ethnicities',2020,406.7,16745,3133825),(587,'New Jersey','All Types of Cancer','Female','All Races and Ethnicities',2020,411.9,24693,4539322),(588,'New Hampshire','All Types of Cancer','Female','All Races and Ethnicities',2020,413.1,4029,689281),(589,'Maine','All Types of Cancer','Female','All Races and Ethnicities',2020,417.6,4360,688840),(590,'Minnesota','All Types of Cancer','Female','All Races and Ethnicities',2020,419.2,14915,2838748),(591,'Iowa','All Types of Cancer','Female','All Races and Ethnicities',2020,425.3,8748,1587866),(592,'West Virginia','All Types of Cancer','Female','All Races and Ethnicities',2020,433.2,5587,900511),(593,'Kentucky','All Types of Cancer','Female','All Races and Ethnicities',2020,433.3,12668,2271906),(594,'District of Columbia','All Types of Cancer','Female','White Non-Hispanic',2020,319.9,389,137827),(595,'New Mexico','All Types of Cancer','Female','White Non-Hispanic',2020,326.4,2296,395453),(596,'Arizona','All Types of Cancer','Female','White Non-Hispanic',2020,350.9,11906,2062065),(597,'Utah','All Types of Cancer','Female','White Non-Hispanic',2020,351.2,4599,1276820),(598,'Colorado','All Types of Cancer','Female','White Non-Hispanic',2020,355,9502,1985498),(599,'Oregon','All Types of Cancer','Female','White Non-Hispanic',2020,373.5,9088,1649663),(600,'Michigan','All Types of Cancer','Female','White Non-Hispanic',2020,375.2,20614,3808181),(601,'Virginia','All Types of Cancer','Female','White Non-Hispanic',2020,376.5,14284,2699886),(602,'Oklahoma','All Types of Cancer','Female','White Non-Hispanic',2020,376.9,7357,1368809),(603,'South Carolina','All Types of Cancer','Female','White Non-Hispanic',2020,377.9,9718,1723318),(604,'Montana','All Types of Cancer','Female','White Non-Hispanic',2020,378.5,2518,467362),(605,'Mississippi','All Types of Cancer','Female','White Non-Hispanic',2020,379.2,4687,859950),(606,'Arkansas','All Types of Cancer','Female','White Non-Hispanic',2020,379.7,6119,1125557),(607,'Alaska','All Types of Cancer','Female','White Non-Hispanic',2020,381.6,1012,217454),(608,'Hawaii','All Types of Cancer','Female','White Non-Hispanic',2020,382,808,140228),(609,'Alabama','All Types of Cancer','Female','White Non-Hispanic',2020,382.4,9118,1663745),(610,'California','All Types of Cancer','Female','White Non-Hispanic',2020,382.5,43746,7356288),(611,'Tennessee','All Types of Cancer','Female','White Non-Hispanic',2020,383,14229,2619806),(612,'Massachusetts','All Types of Cancer','Female','White Non-Hispanic',2020,385.3,14699,2545607),(613,'Washington','All Types of Cancer','Female','White Non-Hispanic',2020,386.2,14533,2656166),(614,'Delaware','All Types of Cancer','Female','White Non-Hispanic',2020,388.9,2009,317408),(615,'Nebraska','All Types of Cancer','Female','White Non-Hispanic',2020,389.5,4032,769963),(616,'Wyoming','All Types of Cancer','Female','White Non-Hispanic',2020,390.8,1252,242873),(617,'Idaho','All Types of Cancer','Female','White Non-Hispanic',2020,394.4,3895,756475),(618,'Kansas','All Types of Cancer','Female','White Non-Hispanic',2020,395.2,6146,1127480),(619,'Texas','All Types of Cancer','Female','White Non-Hispanic',2020,401.1,34513,6170067),(620,'Louisiana','All Types of Cancer','Female','White Non-Hispanic',2020,401.7,7783,1391113),(621,'Rhode Island','All Types of Cancer','Female','White Non-Hispanic',2020,402.6,2464,394347),(622,'Pennsylvania','All Types of Cancer','Female','White Non-Hispanic',2020,402.8,30518,4967823),(623,'South Dakota','All Types of Cancer','Female','White Non-Hispanic',2020,403.9,2009,365201),(624,'Vermont','All Types of Cancer','Female','White Non-Hispanic',2020,405.7,1739,295529),(625,'Wisconsin','All Types of Cancer','Female','White Non-Hispanic',2020,407.5,14093,2387409),(626,'Ohio','All Types of Cancer','Female','White Non-Hispanic',2020,411.3,27298,4705988),(627,'Missouri','All Types of Cancer','Female','White Non-Hispanic',2020,412,14435,2504951),(628,'North Carolina','All Types of Cancer','Female','White Non-Hispanic',2020,413.8,20936,3434021),(629,'New Hampshire','All Types of Cancer','Female','White Non-Hispanic',2020,418.1,3867,625638),(630,'Illinois','All Types of Cancer','Female','White Non-Hispanic',2020,419,23943,3918557),(631,'Maine','All Types of Cancer','Female','White Non-Hispanic',2020,419.1,4226,648070),(632,'Georgia','All Types of Cancer','Female','White Non-Hispanic',2020,419.5,16707,2859089),(633,'Connecticut','All Types of Cancer','Female','White Non-Hispanic',2020,420.2,8048,1206688),(634,'Minnesota','All Types of Cancer','Female','White Non-Hispanic',2020,422.5,13399,2273682),(635,'Maryland','All Types of Cancer','Female','White Non-Hispanic',2020,425.2,9740,1564069),(636,'Iowa','All Types of Cancer','Female','White Non-Hispanic',2020,427.1,8199,1366994),(637,'Florida','All Types of Cancer','Female','White Non-Hispanic',2020,431.6,44662,5985424),(638,'West Virginia','All Types of Cancer','Female','White Non-Hispanic',2020,437.8,5369,841064),(639,'Kentucky','All Types of Cancer','Female','White Non-Hispanic',2020,438.8,11524,1940038),(640,'New York','All Types of Cancer','Female','White Non-Hispanic',2020,438.9,35865,5513379),(641,'New Jersey','All Types of Cancer','Female','White Non-Hispanic',2020,447.1,17283,2491017),(642,'Alaska','All Types of Cancer','Female','Black Non-Hispanic',2020,241.9,26,14145),(643,'Utah','All Types of Cancer','Female','Black Non-Hispanic',2020,250.2,28,21581),(644,'Hawaii','All Types of Cancer','Female','Black Non-Hispanic',2020,280.1,27,15063),(645,'New Mexico','All Types of Cancer','Female','Black Non-Hispanic',2020,285.4,60,21330),(646,'New Hampshire','All Types of Cancer','Female','Black Non-Hispanic',2020,287.6,20,11231),(647,'Arizona','All Types of Cancer','Female','Black Non-Hispanic',2020,306.3,517,185879),(648,'Massachusetts','All Types of Cancer','Female','Black Non-Hispanic',2020,322.5,914,281496),(649,'Washington','All Types of Cancer','Female','Black Non-Hispanic',2020,323.2,455,179298),(650,'Rhode Island','All Types of Cancer','Female','Black Non-Hispanic',2020,325.3,113,36949),(651,'Delaware','All Types of Cancer','Female','Black Non-Hispanic',2020,337.2,460,121009),(652,'Tennessee','All Types of Cancer','Female','Black Non-Hispanic',2020,339.4,2248,628599),(653,'Nebraska','All Types of Cancer','Female','Black Non-Hispanic',2020,341.8,144,53392),(654,'Florida','All Types of Cancer','Female','Black Non-Hispanic',2020,344.2,6614,1810830),(655,'South Carolina','All Types of Cancer','Female','Black Non-Hispanic',2020,345.6,3039,752244),(656,'Michigan','All Types of Cancer','Female','Black Non-Hispanic',2020,346.3,2977,764873),(657,'California','All Types of Cancer','Female','Black Non-Hispanic',2020,346.6,4963,1226724),(658,'New York','All Types of Cancer','Female','Black Non-Hispanic',2020,349.3,6664,1550231),(659,'Oregon','All Types of Cancer','Female','Black Non-Hispanic',2020,349.9,136,50793),(660,'Virginia','All Types of Cancer','Female','Black Non-Hispanic',2020,355.3,3666,894295),(661,'Alabama','All Types of Cancer','Female','Black Non-Hispanic',2020,355.5,2868,713789),(662,'Connecticut','All Types of Cancer','Female','Black Non-Hispanic',2020,358.1,807,207316),(663,'Colorado','All Types of Cancer','Female','Black Non-Hispanic',2020,360.5,414,127925),(664,'Arkansas','All Types of Cancer','Female','Black Non-Hispanic',2020,363.6,956,254530),(665,'Texas','All Types of Cancer','Female','Black Non-Hispanic',2020,363.8,6872,1910168),(666,'Mississippi','All Types of Cancer','Female','Black Non-Hispanic',2020,366.3,2375,599048),(667,'Ohio','All Types of Cancer','Female','Black Non-Hispanic',2020,369.6,3256,831883),(668,'Georgia','All Types of Cancer','Female','Black Non-Hispanic',2020,370.9,7193,1861860),(669,'Pennsylvania','All Types of Cancer','Female','Black Non-Hispanic',2020,371.7,3137,765971),(670,'Maryland','All Types of Cancer','Female','Black Non-Hispanic',2020,373.2,4464,1003973),(671,'Minnesota','All Types of Cancer','Female','Black Non-Hispanic',2020,373.3,516,214721),(672,'West Virginia','All Types of Cancer','Female','Black Non-Hispanic',2020,374,138,33787),(673,'Illinois','All Types of Cancer','Female','Black Non-Hispanic',2020,376.5,4298,979696),(674,'North Carolina','All Types of Cancer','Female','Black Non-Hispanic',2020,380.2,5472,1248249),(675,'Louisiana','All Types of Cancer','Female','Black Non-Hispanic',2020,381,3346,807432),(676,'Oklahoma','All Types of Cancer','Female','Black Non-Hispanic',2020,384.3,621,169790),(677,'District of Columbia','All Types of Cancer','Female','Black Non-Hispanic',2020,389.5,868,176062),(678,'New Jersey','All Types of Cancer','Female','Black Non-Hispanic',2020,392.2,2927,631415),(679,'Missouri','All Types of Cancer','Female','Black Non-Hispanic',2020,401.1,1694,397133),(680,'Kentucky','All Types of Cancer','Female','Black Non-Hispanic',2020,417.7,840,201371),(681,'Kansas','All Types of Cancer','Female','Black Non-Hispanic',2020,418.4,361,93781),(682,'Wisconsin','All Types of Cancer','Female','Black Non-Hispanic',2020,443.1,771,207672),(683,'Iowa','All Types of Cancer','Female','Black Non-Hispanic',2020,451.3,188,69878),(684,'Vermont','All Types of Cancer','Female','Black Non-Hispanic',2020,584.1,16,4646),(685,'Louisiana','All Types of Cancer','Female','American Indian and Alaska Native Non-Hispanic',2020,131,26,16591),(686,'Tennessee','All Types of Cancer','Female','American Indian and Alaska Native Non-Hispanic',2020,133.9,19,10499),(687,'Missouri','All Types of Cancer','Female','American Indian and Alaska Native Non-Hispanic',2020,174.3,33,17115),(688,'Ohio','All Types of Cancer','Female','American Indian and Alaska Native Non-Hispanic',2020,199.4,36,15758),(689,'Georgia','All Types of Cancer','Female','American Indian and Alaska Native Non-Hispanic',2020,206.8,35,14583),(690,'Arizona','All Types of Cancer','Female','American Indian and Alaska Native Non-Hispanic',2020,224.3,337,154248),(691,'Massachusetts','All Types of Cancer','Female','American Indian and Alaska Native Non-Hispanic',2020,226.6,23,7986),(692,'Mississippi','All Types of Cancer','Female','American Indian and Alaska Native Non-Hispanic',2020,226.7,17,8028),(693,'Utah','All Types of Cancer','Female','American Indian and Alaska Native Non-Hispanic',2020,255.5,38,17087),(694,'South Carolina','All Types of Cancer','Female','American Indian and Alaska Native Non-Hispanic',2020,267,32,10760),(695,'New Mexico','All Types of Cancer','Female','American Indian and Alaska Native Non-Hispanic',2020,270,277,98677),(696,'Florida','All Types of Cancer','Female','American Indian and Alaska Native Non-Hispanic',2020,272.1,119,31054),(697,'Maryland','All Types of Cancer','Female','American Indian and Alaska Native Non-Hispanic',2020,278.5,32,9423),(698,'Wyoming','All Types of Cancer','Female','American Indian and Alaska Native Non-Hispanic',2020,282.2,16,6619),(699,'North Carolina','All Types of Cancer','Female','American Indian and Alaska Native Non-Hispanic',2020,309.1,232,64747),(700,'Texas','All Types of Cancer','Female','American Indian and Alaska Native Non-Hispanic',2020,313.6,207,54742),(701,'Colorado','All Types of Cancer','Female','American Indian and Alaska Native Non-Hispanic',2020,317.9,73,22120),(702,'Oregon','All Types of Cancer','Female','American Indian and Alaska Native Non-Hispanic',2020,329.4,110,29259),(703,'Iowa','All Types of Cancer','Female','American Indian and Alaska Native Non-Hispanic',2020,331.9,16,5543),(704,'Pennsylvania','All Types of Cancer','Female','American Indian and Alaska Native Non-Hispanic',2020,339.3,47,12071),(705,'Maine','All Types of Cancer','Female','American Indian and Alaska Native Non-Hispanic',2020,340.3,21,5318),(706,'Idaho','All Types of Cancer','Female','American Indian and Alaska Native Non-Hispanic',2020,360.2,47,11308),(707,'Virginia','All Types of Cancer','Female','American Indian and Alaska Native Non-Hispanic',2020,378,59,13055),(708,'Michigan','All Types of Cancer','Female','American Indian and Alaska Native Non-Hispanic',2020,396,158,36439),(709,'California','All Types of Cancer','Female','American Indian and Alaska Native Non-Hispanic',2020,402.9,513,104778),(710,'Nebraska','All Types of Cancer','Female','American Indian and Alaska Native Non-Hispanic',2020,432.8,32,9147),(711,'Arkansas','All Types of Cancer','Female','American Indian and Alaska Native Non-Hispanic',2020,440.5,64,13314),(712,'Washington','All Types of Cancer','Female','American Indian and Alaska Native Non-Hispanic',2020,458.9,289,57786),(713,'Alaska','All Types of Cancer','Female','American Indian and Alaska Native Non-Hispanic',2020,472.6,255,59700),(714,'Oklahoma','All Types of Cancer','Female','American Indian and Alaska Native Non-Hispanic',2020,474.4,883,196592),(715,'Minnesota','All Types of Cancer','Female','American Indian and Alaska Native Non-Hispanic',2020,520.9,163,34652),(716,'South Dakota','All Types of Cancer','Female','American Indian and Alaska Native Non-Hispanic',2020,531,151,39288),(717,'Montana','All Types of Cancer','Female','American Indian and Alaska Native Non-Hispanic',2020,554.4,169,35780),(718,'Wisconsin','All Types of Cancer','Female','American Indian and Alaska Native Non-Hispanic',2020,604.2,177,28998),(719,'Hawaii','All Types of Cancer','Female','American Indian and Alaska Native Non-Hispanic',2020,1180.8,21,1631),(720,'District of Columbia','All Types of Cancer','Female','Asian and Pacific Islander Non-Hispanic',2020,175.5,29,19866),(721,'New Hampshire','All Types of Cancer','Female','Asian and Pacific Islander Non-Hispanic',2020,194,40,22939),(722,'South Carolina','All Types of Cancer','Female','Asian and Pacific Islander Non-Hispanic',2020,204.4,119,56200),(723,'Missouri','All Types of Cancer','Female','Asian and Pacific Islander Non-Hispanic',2020,211.2,153,80726),(724,'Nebraska','All Types of Cancer','Female','Asian and Pacific Islander Non-Hispanic',2020,212.6,49,28926),(725,'New Mexico','All Types of Cancer','Female','Asian and Pacific Islander Non-Hispanic',2020,213.6,55,21211),(726,'Connecticut','All Types of Cancer','Female','Asian and Pacific Islander Non-Hispanic',2020,214.3,193,94152),(727,'Mississippi','All Types of Cancer','Female','Asian and Pacific Islander Non-Hispanic',2020,217.1,43,19051),(728,'Kentucky','All Types of Cancer','Female','Asian and Pacific Islander Non-Hispanic',2020,219.7,81,42260),(729,'Michigan','All Types of Cancer','Female','Asian and Pacific Islander Non-Hispanic',2020,224.7,381,182612),(730,'Wisconsin','All Types of Cancer','Female','Asian and Pacific Islander Non-Hispanic',2020,225.3,158,97876),(731,'Arizona','All Types of Cancer','Female','Asian and Pacific Islander Non-Hispanic',2020,227.2,384,155583),(732,'Massachusetts','All Types of Cancer','Female','Asian and Pacific Islander Non-Hispanic',2020,228,584,273996),(733,'Ohio','All Types of Cancer','Female','Asian and Pacific Islander Non-Hispanic',2020,232.1,353,168157),(734,'Pennsylvania','All Types of Cancer','Female','Asian and Pacific Islander Non-Hispanic',2020,233.5,581,261574),(735,'Tennessee','All Types of Cancer','Female','Asian and Pacific Islander Non-Hispanic',2020,234.2,171,76749),(736,'Virginia','All Types of Cancer','Female','Asian and Pacific Islander Non-Hispanic',2020,236.9,845,340918),(737,'Texas','All Types of Cancer','Female','Asian and Pacific Islander Non-Hispanic',2020,237.4,1951,833619),(738,'Louisiana','All Types of Cancer','Female','Asian and Pacific Islander Non-Hispanic',2020,245.7,120,46876),(739,'Illinois','All Types of Cancer','Female','Asian and Pacific Islander Non-Hispanic',2020,247.2,1082,403247),(740,'North Carolina','All Types of Cancer','Female','Asian and Pacific Islander Non-Hispanic',2020,250.2,412,189392),(741,'Delaware','All Types of Cancer','Female','Asian and Pacific Islander Non-Hispanic',2020,253.7,59,22108),(742,'Georgia','All Types of Cancer','Female','Asian and Pacific Islander Non-Hispanic',2020,255.5,644,260473),(743,'Idaho','All Types of Cancer','Female','Asian and Pacific Islander Non-Hispanic',2020,256.8,47,19086),(744,'Florida','All Types of Cancer','Female','Asian and Pacific Islander Non-Hispanic',2020,258.2,1158,375483),(745,'Alabama','All Types of Cancer','Female','Asian and Pacific Islander Non-Hispanic',2020,258.9,112,43697),(746,'Maryland','All Types of Cancer','Female','Asian and Pacific Islander Non-Hispanic',2020,259.8,681,228601),(747,'Rhode Island','All Types of Cancer','Female','Asian and Pacific Islander Non-Hispanic',2020,263.8,46,20812),(748,'New Jersey','All Types of Cancer','Female','Asian and Pacific Islander Non-Hispanic',2020,266.7,1368,471512),(749,'Colorado','All Types of Cancer','Female','Asian and Pacific Islander Non-Hispanic',2020,271.9,320,120762),(750,'California','All Types of Cancer','Female','Asian and Pacific Islander Non-Hispanic',2020,276.6,11514,3360054),(751,'Minnesota','All Types of Cancer','Female','Asian and Pacific Islander Non-Hispanic',2020,277.3,327,161114),(752,'Kansas','All Types of Cancer','Female','Asian and Pacific Islander Non-Hispanic',2020,277.7,124,51413),(753,'Oregon','All Types of Cancer','Female','Asian and Pacific Islander Non-Hispanic',2020,278,366,129347),(754,'Washington','All Types of Cancer','Female','Asian and Pacific Islander Non-Hispanic',2020,280.4,1290,449166),(755,'Utah','All Types of Cancer','Female','Asian and Pacific Islander Non-Hispanic',2020,281.5,158,66650),(756,'Maine','All Types of Cancer','Female','Asian and Pacific Islander Non-Hispanic',2020,290.7,31,10852),(757,'Oklahoma','All Types of Cancer','Female','Asian and Pacific Islander Non-Hispanic',2020,296.2,157,57136),(758,'Iowa','All Types of Cancer','Female','Asian and Pacific Islander Non-Hispanic',2020,301,106,46692),(759,'Arkansas','All Types of Cancer','Female','Asian and Pacific Islander Non-Hispanic',2020,303.8,85,33670),(760,'New York','All Types of Cancer','Female','Asian and Pacific Islander Non-Hispanic',2020,305.5,3269,947430),(761,'West Virginia','All Types of Cancer','Female','Asian and Pacific Islander Non-Hispanic',2020,308.6,30,8939),(762,'Alaska','All Types of Cancer','Female','Asian and Pacific Islander Non-Hispanic',2020,311.1,106,32955),(763,'Hawaii','All Types of Cancer','Female','Asian and Pacific Islander Non-Hispanic',2020,375.9,2427,473934),(764,'South Dakota','All Types of Cancer','Female','Asian and Pacific Islander Non-Hispanic',2020,427.6,26,8500),(765,'West Virginia','All Types of Cancer','Female','Hispanic',2020,136.5,16,14856),(766,'Mississippi','All Types of Cancer','Female','Hispanic',2020,166,46,44894),(767,'Arkansas','All Types of Cancer','Female','Hispanic',2020,195.4,138,116595),(768,'Alabama','All Types of Cancer','Female','Hispanic',2020,198.6,139,107886),(769,'South Dakota','All Types of Cancer','Female','Hispanic',2020,229.1,21,18459),(770,'Montana','All Types of Cancer','Female','Hispanic',2020,229.6,34,22036),(771,'Missouri','All Types of Cancer','Female','Hispanic',2020,229.9,216,133900),(772,'Maine','All Types of Cancer','Female','Hispanic',2020,233,22,12256),(773,'Tennessee','All Types of Cancer','Female','Hispanic',2020,239.9,275,193161),(774,'Alaska','All Types of Cancer','Female','Hispanic',2020,246.4,40,25367),(775,'New Hampshire','All Types of Cancer','Female','Hispanic',2020,247.5,50,27608),(776,'Virginia','All Types of Cancer','Female','Hispanic',2020,248.6,749,414878),(777,'Maryland','All Types of Cancer','Female','Hispanic',2020,251.8,590,317162),(778,'Wyoming','All Types of Cancer','Female','Hispanic',2020,258.7,57,28712),(779,'Iowa','All Types of Cancer','Female','Hispanic',2020,265.6,149,98759),(780,'Kentucky','All Types of Cancer','Female','Hispanic',2020,267.4,140,83373),(781,'Arizona','All Types of Cancer','Female','Hispanic',2020,269.8,2539,1177700),(782,'District of Columbia','All Types of Cancer','Female','Hispanic',2020,271.8,84,40150),(783,'Texas','All Types of Cancer','Female','Hispanic',2020,279,13146,5811112),(784,'Louisiana','All Types of Cancer','Female','Hispanic',2020,285.6,278,119146),(785,'Michigan','All Types of Cancer','Female','Hispanic',2020,292.2,535,266637),(786,'Ohio','All Types of Cancer','Female','Hispanic',2020,296.1,479,238770),(787,'New Mexico','All Types of Cancer','Female','Hispanic',2020,298,1607,527189),(788,'North Carolina','All Types of Cancer','Female','Hispanic',2020,298.9,911,511832),(789,'California','All Types of Cancer','Female','Hispanic',2020,299.2,19608,7742745),(790,'Oregon','All Types of Cancer','Female','Hispanic',2020,304.3,532,279984),(791,'Washington','All Types of Cancer','Female','Hispanic',2020,304.4,906,497598),(792,'Oklahoma','All Types of Cancer','Female','Hispanic',2020,311.8,398,217275),(793,'Illinois','All Types of Cancer','Female','Hispanic',2020,320.4,2676,1087207),(794,'Colorado','All Types of Cancer','Female','Hispanic',2020,324.6,1572,625527),(795,'New Jersey','All Types of Cancer','Female','Hispanic',2020,324.9,2790,936258),(796,'Florida','All Types of Cancer','Female','Hispanic',2020,325.3,10650,2910341),(797,'New York','All Types of Cancer','Female','Hispanic',2020,325.6,6199,1898467),(798,'Pennsylvania','All Types of Cancer','Female','Hispanic',2020,329.9,1181,508773),(799,'Idaho','All Types of Cancer','Female','Hispanic',2020,330.5,251,115292),(800,'Nebraska','All Types of Cancer','Female','Hispanic',2020,331.8,215,108311),(801,'Kansas','All Types of Cancer','Female','Hispanic',2020,333.4,364,175079),(802,'Georgia','All Types of Cancer','Female','Hispanic',2020,335.6,1103,512463),(803,'Delaware','All Types of Cancer','Female','Hispanic',2020,336.9,108,47725),(804,'Massachusetts','All Types of Cancer','Female','Hispanic',2020,339.9,1166,437457),(805,'Rhode Island','All Types of Cancer','Female','Hispanic',2020,340.2,231,87633),(806,'South Carolina','All Types of Cancer','Female','Hispanic',2020,356.9,330,152106),(807,'Connecticut','All Types of Cancer','Female','Hispanic',2020,377.7,932,309057),(808,'Minnesota','All Types of Cancer','Female','Hispanic',2020,405.1,350,154579),(809,'Utah','All Types of Cancer','Female','Hispanic',2020,432.5,611,230001),(810,'Hawaii','All Types of Cancer','Female','Hispanic',2020,503.1,216,71784),(811,'Puerto Rico','Brain and Other Nervous System','Male and Female','All Races and Ethnicities',2020,4.1,165,3281538),(812,'New Mexico','Brain and Other Nervous System','Male and Female','All Races and Ethnicities',2020,4.2,103,2106319),(813,'Hawaii','Brain and Other Nervous System','Male and Female','All Races and Ethnicities',2020,4.5,73,1407006),(814,'South Dakota','Brain and Other Nervous System','Male and Female','All Races and Ethnicities',2020,5,50,892717),(815,'Mississippi','Brain and Other Nervous System','Male and Female','All Races and Ethnicities',2020,5.1,173,2966786),(816,'Louisiana','Brain and Other Nervous System','Male and Female','All Races and Ethnicities',2020,5.4,274,4645318),(817,'South Carolina','Brain and Other Nervous System','Male and Female','All Races and Ethnicities',2020,5.6,356,5218040),(818,'Idaho','Brain and Other Nervous System','Male and Female','All Races and Ethnicities',2020,5.6,119,1826913),(819,'California','Brain and Other Nervous System','Male and Female','All Races and Ethnicities',2020,5.7,2447,39368078),(820,'Oklahoma','Brain and Other Nervous System','Male and Female','All Races and Ethnicities',2020,5.7,257,3980783),(821,'Texas','Brain and Other Nervous System','Male and Female','All Races and Ethnicities',2020,5.7,1738,29360759),(822,'Georgia','Brain and Other Nervous System','Male and Female','All Races and Ethnicities',2020,5.8,680,10710017),(823,'Michigan','Brain and Other Nervous System','Male and Female','All Races and Ethnicities',2020,5.8,683,9966555),(824,'Ohio','Brain and Other Nervous System','Male and Female','All Races and Ethnicities',2020,5.9,821,11693217),(825,'District of Columbia','Brain and Other Nervous System','Male and Female','All Races and Ethnicities',2020,5.9,40,712816),(826,'Virginia','Brain and Other Nervous System','Male and Female','All Races and Ethnicities',2020,5.9,573,8590563),(827,'Arizona','Brain and Other Nervous System','Male and Female','All Races and Ethnicities',2020,6,512,7421401),(828,'Illinois','Brain and Other Nervous System','Male and Female','All Races and Ethnicities',2020,6,858,12587530),(829,'Arkansas','Brain and Other Nervous System','Male and Female','All Races and Ethnicities',2020,6,211,3030522),(830,'North Carolina','Brain and Other Nervous System','Male and Female','All Races and Ethnicities',2020,6.1,751,10600823),(831,'Maryland','Brain and Other Nervous System','Male and Female','All Races and Ethnicities',2020,6.1,419,6055802),(832,'Nebraska','Brain and Other Nervous System','Male and Female','All Races and Ethnicities',2020,6.1,133,1937552),(833,'Kansas','Brain and Other Nervous System','Male and Female','All Races and Ethnicities',2020,6.2,198,2913805),(834,'Massachusetts','Brain and Other Nervous System','Male and Female','All Races and Ethnicities',2020,6.2,503,6893574),(835,'Oregon','Brain and Other Nervous System','Male and Female','All Races and Ethnicities',2020,6.2,308,4241507),(836,'Tennessee','Brain and Other Nervous System','Male and Female','All Races and Ethnicities',2020,6.2,500,6886834),(837,'New York','Brain and Other Nervous System','Male and Female','All Races and Ethnicities',2020,6.2,1362,19336776),(838,'Colorado','Brain and Other Nervous System','Male and Female','All Races and Ethnicities',2020,6.3,404,5807719),(839,'Alaska','Brain and Other Nervous System','Male and Female','All Races and Ethnicities',2020,6.3,50,731158),(840,'Florida','Brain and Other Nervous System','Male and Female','All Races and Ethnicities',2020,6.3,1726,21733312),(841,'Vermont','Brain and Other Nervous System','Male and Female','All Races and Ethnicities',2020,6.3,55,623347),(842,'Wisconsin','Brain and Other Nervous System','Male and Female','All Races and Ethnicities',2020,6.3,449,5832655),(843,'North Dakota','Brain and Other Nervous System','Male and Female','All Races and Ethnicities',2020,6.4,53,765309),(844,'Kentucky','Brain and Other Nervous System','Male and Female','All Races and Ethnicities',2020,6.4,342,4477251),(845,'Pennsylvania','Brain and Other Nervous System','Male and Female','All Races and Ethnicities',2020,6.4,996,12783254),(846,'Delaware','Brain and Other Nervous System','Male and Female','All Races and Ethnicities',2020,6.5,76,986809),(847,'Rhode Island','Brain and Other Nervous System','Male and Female','All Races and Ethnicities',2020,6.5,82,1057125),(848,'Missouri','Brain and Other Nervous System','Male and Female','All Races and Ethnicities',2020,6.5,466,6151548),(849,'Montana','Brain and Other Nervous System','Male and Female','All Races and Ethnicities',2020,6.6,85,1080577),(850,'New Jersey','Brain and Other Nervous System','Male and Female','All Races and Ethnicities',2020,6.6,683,8882371),(851,'Minnesota','Brain and Other Nervous System','Male and Female','All Races and Ethnicities',2020,6.6,419,5657342),(852,'Washington','Brain and Other Nervous System','Male and Female','All Races and Ethnicities',2020,6.6,555,7693612),(853,'Iowa','Brain and Other Nervous System','Male and Female','All Races and Ethnicities',2020,6.7,250,3163561),(854,'Wyoming','Brain and Other Nervous System','Male and Female','All Races and Ethnicities',2020,6.7,44,582328),(855,'West Virginia','Brain and Other Nervous System','Male and Female','All Races and Ethnicities',2020,6.7,145,1784787),(856,'New Hampshire','Brain and Other Nervous System','Male and Female','All Races and Ethnicities',2020,6.8,114,1366275),(857,'Utah','Brain and Other Nervous System','Male and Female','All Races and Ethnicities',2020,7,219,3249879),(858,'Alabama','Brain and Other Nervous System','Male and Female','All Races and Ethnicities',2020,7,395,4921532),(859,'Maine','Brain and Other Nervous System','Male and Female','All Races and Ethnicities',2020,7,134,1350141),(860,'Connecticut','Brain and Other Nervous System','Male and Female','All Races and Ethnicities',2020,7.1,304,3557006),(861,'New Mexico','Brain and Other Nervous System','Male and Female','White Non-Hispanic',2020,5.1,58,783475),(862,'South Dakota','Brain and Other Nervous System','Male and Female','White Non-Hispanic',2020,5.2,46,734516),(863,'Mississippi','Brain and Other Nervous System','Male and Female','White Non-Hispanic',2020,5.7,126,1686946),(864,'Oklahoma','Brain and Other Nervous System','Male and Female','White Non-Hispanic',2020,5.8,199,2691420),(865,'Idaho','Brain and Other Nervous System','Male and Female','White Non-Hispanic',2020,5.8,107,1512401),(866,'Louisiana','Brain and Other Nervous System','Male and Female','White Non-Hispanic',2020,6,195,2734948),(867,'Vermont','Brain and Other Nervous System','Male and Female','White Non-Hispanic',2020,6.2,52,583409),(868,'Michigan','Brain and Other Nervous System','Male and Female','White Non-Hispanic',2020,6.2,582,7534869),(869,'Montana','Brain and Other Nervous System','Male and Female','White Non-Hispanic',2020,6.4,77,942577),(870,'South Carolina','Brain and Other Nervous System','Male and Female','White Non-Hispanic',2020,6.4,279,3361934),(871,'Wisconsin','Brain and Other Nervous System','Male and Female','White Non-Hispanic',2020,6.4,395,4747166),(872,'Nebraska','Brain and Other Nervous System','Male and Female','White Non-Hispanic',2020,6.5,118,1527461),(873,'Ohio','Brain and Other Nervous System','Male and Female','White Non-Hispanic',2020,6.5,739,9245719),(874,'Massachusetts','Brain and Other Nervous System','Male and Female','White Non-Hispanic',2020,6.6,422,4934739),(875,'Kansas','Brain and Other Nervous System','Male and Female','White Non-Hispanic',2020,6.6,171,2227690),(876,'North Carolina','Brain and Other Nervous System','Male and Female','White Non-Hispanic',2020,6.6,569,6711126),(877,'Virginia','Brain and Other Nervous System','Male and Female','White Non-Hispanic',2020,6.6,436,5337294),(878,'Arkansas','Brain and Other Nervous System','Male and Female','White Non-Hispanic',2020,6.7,184,2209564),(879,'West Virginia','Brain and Other Nervous System','Male and Female','White Non-Hispanic',2020,6.7,136,1658328),(880,'Kentucky','Brain and Other Nervous System','Male and Female','White Non-Hispanic',2020,6.8,323,3805077),(881,'Oregon','Brain and Other Nervous System','Male and Female','White Non-Hispanic',2020,6.8,281,3250213),(882,'District of Columbia','Brain and Other Nervous System','Male and Female','White Non-Hispanic',2020,6.8,17,274011),(883,'Minnesota','Brain and Other Nervous System','Male and Female','White Non-Hispanic',2020,6.8,372,4513407),(884,'Florida','Brain and Other Nervous System','Male and Female','White Non-Hispanic',2020,6.9,1178,11730894),(885,'New York','Brain and Other Nervous System','Male and Female','White Non-Hispanic',2020,6.9,937,10800896),(886,'Tennessee','Brain and Other Nervous System','Male and Female','White Non-Hispanic',2020,6.9,432,5123255),(887,'Colorado','Brain and Other Nervous System','Male and Female','White Non-Hispanic',2020,6.9,329,3988030),(888,'New Hampshire','Brain and Other Nervous System','Male and Female','White Non-Hispanic',2020,6.9,108,1235857),(889,'Wyoming','Brain and Other Nervous System','Male and Female','White Non-Hispanic',2020,6.9,39,493371),(890,'Maine','Brain and Other Nervous System','Male and Female','White Non-Hispanic',2020,7,129,1267607),(891,'Missouri','Brain and Other Nervous System','Male and Female','White Non-Hispanic',2020,7,422,4927676),(892,'Hawaii','Brain and Other Nervous System','Male and Female','White Non-Hispanic',2020,7,30,305879),(893,'Pennsylvania','Brain and Other Nervous System','Male and Female','White Non-Hispanic',2020,7,886,9738852),(894,'California','Brain and Other Nervous System','Male and Female','White Non-Hispanic',2020,7.1,1384,14721680),(895,'Utah','Brain and Other Nervous System','Male and Female','White Non-Hispanic',2020,7.1,184,2564620),(896,'Georgia','Brain and Other Nervous System','Male and Female','White Non-Hispanic',2020,7.2,503,5619010),(897,'Iowa','Brain and Other Nervous System','Male and Female','White Non-Hispanic',2020,7.2,240,2703472),(898,'Alaska','Brain and Other Nervous System','Male and Female','White Non-Hispanic',2020,7.2,41,461177),(899,'Arizona','Brain and Other Nervous System','Male and Female','White Non-Hispanic',2020,7.2,386,4075422),(900,'Illinois','Brain and Other Nervous System','Male and Female','White Non-Hispanic',2020,7.2,691,7710316),(901,'Texas','Brain and Other Nervous System','Male and Female','White Non-Hispanic',2020,7.2,1079,12233845),(902,'Rhode Island','Brain and Other Nervous System','Male and Female','White Non-Hispanic',2020,7.3,73,761395),(903,'Washington','Brain and Other Nervous System','Male and Female','White Non-Hispanic',2020,7.3,466,5303363),(904,'New Jersey','Brain and Other Nervous System','Male and Female','White Non-Hispanic',2020,7.4,472,4869242),(905,'Delaware','Brain and Other Nervous System','Male and Female','White Non-Hispanic',2020,7.4,60,613617),(906,'Alabama','Brain and Other Nervous System','Male and Female','White Non-Hispanic',2020,7.8,309,3250825),(907,'Maryland','Brain and Other Nervous System','Male and Female','White Non-Hispanic',2020,7.8,297,3065729),(908,'Connecticut','Brain and Other Nervous System','Male and Female','White Non-Hispanic',2020,8.1,253,2354601),(909,'Illinois','Brain and Other Nervous System','Male and Female','Black Non-Hispanic',2020,2.9,59,1851058),(910,'Georgia','Brain and Other Nervous System','Male and Female','Black Non-Hispanic',2020,3.2,114,3490446),(911,'Tennessee','Brain and Other Nervous System','Male and Female','Black Non-Hispanic',2020,3.2,38,1191073),(912,'Missouri','Brain and Other Nervous System','Male and Female','Black Non-Hispanic',2020,3.4,26,758249),(913,'Pennsylvania','Brain and Other Nervous System','Male and Female','Black Non-Hispanic',2020,3.4,49,1480541),(914,'New Jersey','Brain and Other Nervous System','Male and Female','Black Non-Hispanic',2020,3.5,45,1199960),(915,'Mississippi','Brain and Other Nervous System','Male and Female','Black Non-Hispanic',2020,3.5,41,1128396),(916,'Ohio','Brain and Other Nervous System','Male and Female','Black Non-Hispanic',2020,3.5,55,1601597),(917,'South Carolina','Brain and Other Nervous System','Male and Female','Black Non-Hispanic',2020,3.6,55,1407964),(918,'Texas','Brain and Other Nervous System','Male and Female','Black Non-Hispanic',2020,3.7,134,3699914),(919,'Maryland','Brain and Other Nervous System','Male and Female','Black Non-Hispanic',2020,3.8,78,1881723),(920,'Florida','Brain and Other Nervous System','Male and Female','Black Non-Hispanic',2020,3.9,135,3491048),(921,'Michigan','Brain and Other Nervous System','Male and Female','Black Non-Hispanic',2020,3.9,57,1456824),(922,'Arkansas','Brain and Other Nervous System','Male and Female','Black Non-Hispanic',2020,3.9,18,484875),(923,'Louisiana','Brain and Other Nervous System','Male and Female','Black Non-Hispanic',2020,4.1,63,1532912),(924,'Virginia','Brain and Other Nervous System','Male and Female','Black Non-Hispanic',2020,4.3,76,1721838),(925,'New York','Brain and Other Nervous System','Male and Female','Black Non-Hispanic',2020,4.4,139,2913569),(926,'Massachusetts','Brain and Other Nervous System','Male and Female','Black Non-Hispanic',2020,4.5,24,548755),(927,'Washington','Brain and Other Nervous System','Male and Female','Black Non-Hispanic',2020,4.5,17,388158),(928,'California','Brain and Other Nervous System','Male and Female','Black Non-Hispanic',2020,4.7,121,2449179),(929,'North Carolina','Brain and Other Nervous System','Male and Female','Black Non-Hispanic',2020,4.8,120,2344295),(930,'Alabama','Brain and Other Nervous System','Male and Female','Black Non-Hispanic',2020,4.9,69,1331864),(931,'District of Columbia','Brain and Other Nervous System','Male and Female','Black Non-Hispanic',2020,5.5,20,321426),(932,'Wisconsin','Brain and Other Nervous System','Male and Female','Black Non-Hispanic',2020,6.1,21,410303),(933,'Oklahoma','Brain and Other Nervous System','Male and Female','American Indian and Alaska Native Non-Hispanic',2020,6,19,386285),(934,'Illinois','Brain and Other Nervous System','Male and Female','Asian and Pacific Islander Non-Hispanic',2020,3.1,24,780438),(935,'Hawaii','Brain and Other Nervous System','Male and Female','Asian and Pacific Islander Non-Hispanic',2020,3.5,37,912454),(936,'Texas','Brain and Other Nervous System','Male and Female','Asian and Pacific Islander Non-Hispanic',2020,3.5,58,1625961),(937,'California','Brain and Other Nervous System','Male and Female','Asian and Pacific Islander Non-Hispanic',2020,3.6,254,6422594),(938,'Washington','Brain and Other Nervous System','Male and Female','Asian and Pacific Islander Non-Hispanic',2020,3.7,32,860719),(939,'Pennsylvania','Brain and Other Nervous System','Male and Female','Asian and Pacific Islander Non-Hispanic',2020,3.7,17,507831),(940,'Florida','Brain and Other Nervous System','Male and Female','Asian and Pacific Islander Non-Hispanic',2020,3.9,29,699931),(941,'New York','Brain and Other Nervous System','Male and Female','Asian and Pacific Islander Non-Hispanic',2020,4,75,1812223),(942,'Maryland','Brain and Other Nervous System','Male and Female','Asian and Pacific Islander Non-Hispanic',2020,4,18,435887),(943,'Georgia','Brain and Other Nervous System','Male and Female','Asian and Pacific Islander Non-Hispanic',2020,4.4,23,504406),(944,'Michigan','Brain and Other Nervous System','Male and Female','Asian and Pacific Islander Non-Hispanic',2020,5.1,17,361567),(945,'New Jersey','Brain and Other Nervous System','Male and Female','Asian and Pacific Islander Non-Hispanic',2020,5.9,55,920832),(946,'New Mexico','Brain and Other Nervous System','Male and Female','Hispanic',2020,3.3,34,1046092),(947,'Georgia','Brain and Other Nervous System','Male and Female','Hispanic',2020,3.7,30,1067941),(948,'Illinois','Brain and Other Nervous System','Male and Female','Hispanic',2020,4.1,77,2219748),(949,'Maryland','Brain and Other Nervous System','Male and Female','Hispanic',2020,4.3,21,654437),(950,'Washington','Brain and Other Nervous System','Male and Female','Hispanic',2020,4.5,31,1027545),(951,'Colorado','Brain and Other Nervous System','Male and Female','Hispanic',2020,4.6,48,1274247),(952,'Texas','Brain and Other Nervous System','Male and Female','Hispanic',2020,4.6,452,11691857),(953,'Arizona','Brain and Other Nervous System','Male and Female','Hispanic',2020,4.7,93,2366919),(954,'Oregon','Brain and Other Nervous System','Male and Female','Hispanic',2020,4.7,18,579836),(955,'Virginia','Brain and Other Nervous System','Male and Female','Hispanic',2020,4.7,36,855301),(956,'North Carolina','Brain and Other Nervous System','Male and Female','Hispanic',2020,4.8,37,1052435),(957,'California','Brain and Other Nervous System','Male and Female','Hispanic',2020,4.9,652,15569780),(958,'Oklahoma','Brain and Other Nervous System','Male and Female','Hispanic',2020,5.1,18,452487),(959,'Pennsylvania','Brain and Other Nervous System','Male and Female','Hispanic',2020,5.1,32,1032627),(960,'Massachusetts','Brain and Other Nervous System','Male and Female','Hispanic',2020,5.4,36,867425),(961,'New York','Brain and Other Nervous System','Male and Female','Hispanic',2020,5.6,200,3738921),(962,'Florida','Brain and Other Nervous System','Male and Female','Hispanic',2020,6,356,5749737),(963,'New Jersey','Brain and Other Nervous System','Male and Female','Hispanic',2020,6,102,1874656),(964,'Connecticut','Brain and Other Nervous System','Male and Female','Hispanic',2020,6.1,31,612929),(965,'Minnesota','Brain and Other Nervous System','Male and Female','Hispanic',2020,6.2,16,321686),(966,'Utah','Brain and Other Nervous System','Male and Female','Hispanic',2020,7.3,25,471647),(967,'Puerto Rico','Brain and Other Nervous System','Male','All Races and Ethnicities',2020,4.6,82,1555294),(968,'South Dakota','Brain and Other Nervous System','Male','All Races and Ethnicities',2020,5.3,27,450659),(969,'New Mexico','Brain and Other Nervous System','Male','All Races and Ethnicities',2020,5.3,61,1042459),(970,'Hawaii','Brain and Other Nervous System','Male','All Races and Ethnicities',2020,5.9,47,704366),(971,'Mississippi','Brain and Other Nervous System','Male','All Races and Ethnicities',2020,5.9,95,1435815),(972,'Louisiana','Brain and Other Nervous System','Male','All Races and Ethnicities',2020,6.3,151,2264160),(973,'Texas','Brain and Other Nervous System','Male','All Races and Ethnicities',2020,6.5,947,14581051),(974,'Maryland','Brain and Other Nervous System','Male','All Races and Ethnicities',2020,6.6,209,2932574),(975,'Virginia','Brain and Other Nervous System','Male','All Races and Ethnicities',2020,6.6,306,4227531),(976,'South Carolina','Brain and Other Nervous System','Male','All Races and Ethnicities',2020,6.7,202,2523412),(977,'Georgia','Brain and Other Nervous System','Male','All Races and Ethnicities',2020,6.7,363,5201549),(978,'Idaho','Brain and Other Nervous System','Male','All Races and Ethnicities',2020,6.7,68,916124),(979,'Arkansas','Brain and Other Nervous System','Male','All Races and Ethnicities',2020,6.7,111,1486856),(980,'District of Columbia','Brain and Other Nervous System','Male','All Races and Ethnicities',2020,6.7,21,337932),(981,'California','Brain and Other Nervous System','Male','All Races and Ethnicities',2020,6.9,1427,19577489),(982,'Vermont','Brain and Other Nervous System','Male','All Races and Ethnicities',2020,6.9,29,307992),(983,'Ohio','Brain and Other Nervous System','Male','All Races and Ethnicities',2020,7,455,5732661),(984,'Oklahoma','Brain and Other Nervous System','Male','All Races and Ethnicities',2020,7,148,1971181),(985,'Michigan','Brain and Other Nervous System','Male','All Races and Ethnicities',2020,7,392,4907813),(986,'New York','Brain and Other Nervous System','Male','All Races and Ethnicities',2020,7,740,9390497),(987,'North Carolina','Brain and Other Nervous System','Male','All Races and Ethnicities',2020,7.1,413,5152582),(988,'Kansas','Brain and Other Nervous System','Male','All Races and Ethnicities',2020,7.1,113,1451540),(989,'Tennessee','Brain and Other Nervous System','Male','All Races and Ethnicities',2020,7.2,273,3358020),(990,'Oregon','Brain and Other Nervous System','Male','All Races and Ethnicities',2020,7.2,172,2102461),(991,'Wisconsin','Brain and Other Nervous System','Male','All Races and Ethnicities',2020,7.2,248,2903716),(992,'Colorado','Brain and Other Nervous System','Male','All Races and Ethnicities',2020,7.3,232,2925887),(993,'Illinois','Brain and Other Nervous System','Male','All Races and Ethnicities',2020,7.3,494,6185306),(994,'North Dakota','Brain and Other Nervous System','Male','All Races and Ethnicities',2020,7.3,31,391815),(995,'Florida','Brain and Other Nervous System','Male','All Races and Ethnicities',2020,7.4,964,10620180),(996,'Arizona','Brain and Other Nervous System','Male','All Races and Ethnicities',2020,7.4,304,3685926),(997,'Kentucky','Brain and Other Nervous System','Male','All Races and Ethnicities',2020,7.4,187,2205345),(998,'Alaska','Brain and Other Nervous System','Male','All Races and Ethnicities',2020,7.5,30,381537),(999,'Massachusetts','Brain and Other Nervous System','Male','All Races and Ethnicities',2020,7.5,288,3347032),(1000,'Missouri','Brain and Other Nervous System','Male','All Races and Ethnicities',2020,7.5,255,3017723),(1001,'Washington','Brain and Other Nervous System','Male','All Races and Ethnicities',2020,7.6,315,3853598),(1002,'Iowa','Brain and Other Nervous System','Male','All Races and Ethnicities',2020,7.7,140,1575695),(1003,'Alabama','Brain and Other Nervous System','Male','All Races and Ethnicities',2020,7.7,201,2376966),(1004,'Wyoming','Brain and Other Nervous System','Male','All Races and Ethnicities',2020,7.7,25,296891),(1005,'Minnesota','Brain and Other Nervous System','Male','All Races and Ethnicities',2020,7.8,242,2818594),(1006,'Nebraska','Brain and Other Nervous System','Male','All Races and Ethnicities',2020,7.9,82,967813),(1007,'Pennsylvania','Brain and Other Nervous System','Male','All Races and Ethnicities',2020,7.9,579,6267042),(1008,'West Virginia','Brain and Other Nervous System','Male','All Races and Ethnicities',2020,7.9,82,884276),(1009,'New Jersey','Brain and Other Nervous System','Male','All Races and Ethnicities',2020,7.9,385,4343049),(1010,'Utah','Brain and Other Nervous System','Male','All Races and Ethnicities',2020,8.1,126,1637740),(1011,'Delaware','Brain and Other Nervous System','Male','All Races and Ethnicities',2020,8.3,46,476740),(1012,'Montana','Brain and Other Nervous System','Male','All Races and Ethnicities',2020,8.4,51,544101),(1013,'Maine','Brain and Other Nervous System','Male','All Races and Ethnicities',2020,8.5,78,661301),(1014,'New Hampshire','Brain and Other Nervous System','Male','All Races and Ethnicities',2020,8.5,64,676994),(1015,'Rhode Island','Brain and Other Nervous System','Male','All Races and Ethnicities',2020,9,51,514692),(1016,'Connecticut','Brain and Other Nervous System','Male','All Races and Ethnicities',2020,9.2,185,1734920),(1017,'Hawaii','Brain and Other Nervous System','Female','All Races and Ethnicities',2020,3.1,26,702640),(1018,'New Mexico','Brain and Other Nervous System','Female','All Races and Ethnicities',2020,3.2,42,1063860),(1019,'Puerto Rico','Brain and Other Nervous System','Female','All Races and Ethnicities',2020,3.5,83,1726244),(1020,'Rhode Island','Brain and Other Nervous System','Female','All Races and Ethnicities',2020,4.3,31,542433),(1021,'Mississippi','Brain and Other Nervous System','Female','All Races and Ethnicities',2020,4.3,78,1530971),(1022,'California','Brain and Other Nervous System','Female','All Races and Ethnicities',2020,4.5,1020,19790589),(1023,'Idaho','Brain and Other Nervous System','Female','All Races and Ethnicities',2020,4.5,51,910789),(1024,'South Carolina','Brain and Other Nervous System','Female','All Races and Ethnicities',2020,4.6,154,2694628),(1025,'Nebraska','Brain and Other Nervous System','Female','All Races and Ethnicities',2020,4.6,51,969739),(1026,'Oklahoma','Brain and Other Nervous System','Female','All Races and Ethnicities',2020,4.6,109,2009602),(1027,'Louisiana','Brain and Other Nervous System','Female','All Races and Ethnicities',2020,4.6,123,2381158),(1028,'Michigan','Brain and Other Nervous System','Female','All Races and Ethnicities',2020,4.7,291,5058742),(1029,'South Dakota','Brain and Other Nervous System','Female','All Races and Ethnicities',2020,4.8,23,442058),(1030,'Arizona','Brain and Other Nervous System','Female','All Races and Ethnicities',2020,4.8,208,3735475),(1031,'Illinois','Brain and Other Nervous System','Female','All Races and Ethnicities',2020,4.8,364,6402224),(1032,'Montana','Brain and Other Nervous System','Female','All Races and Ethnicities',2020,4.9,34,536476),(1033,'Alaska','Brain and Other Nervous System','Female','All Races and Ethnicities',2020,5,20,349621),(1034,'Georgia','Brain and Other Nervous System','Female','All Races and Ethnicities',2020,5,317,5508468),(1035,'Massachusetts','Brain and Other Nervous System','Female','All Races and Ethnicities',2020,5,215,3546542),(1036,'Delaware','Brain and Other Nervous System','Female','All Races and Ethnicities',2020,5,30,510069),(1037,'Texas','Brain and Other Nervous System','Female','All Races and Ethnicities',2020,5,791,14779708),(1038,'Ohio','Brain and Other Nervous System','Female','All Races and Ethnicities',2020,5,366,5960556),(1039,'Pennsylvania','Brain and Other Nervous System','Female','All Races and Ethnicities',2020,5.1,417,6516212),(1040,'New Hampshire','Brain and Other Nervous System','Female','All Races and Ethnicities',2020,5.1,50,689281),(1041,'North Carolina','Brain and Other Nervous System','Female','All Races and Ethnicities',2020,5.2,338,5448241),(1042,'Florida','Brain and Other Nervous System','Female','All Races and Ethnicities',2020,5.2,762,11113132),(1043,'Oregon','Brain and Other Nervous System','Female','All Races and Ethnicities',2020,5.2,136,2139046),(1044,'Connecticut','Brain and Other Nervous System','Female','All Races and Ethnicities',2020,5.3,119,1822086),(1045,'Colorado','Brain and Other Nervous System','Female','All Races and Ethnicities',2020,5.3,172,2881832),(1046,'Arkansas','Brain and Other Nervous System','Female','All Races and Ethnicities',2020,5.3,100,1543666),(1047,'District of Columbia','Brain and Other Nervous System','Female','All Races and Ethnicities',2020,5.3,19,374884),(1048,'Virginia','Brain and Other Nervous System','Female','All Races and Ethnicities',2020,5.3,267,4363032),(1049,'North Dakota','Brain and Other Nervous System','Female','All Races and Ethnicities',2020,5.3,22,373494),(1050,'Kansas','Brain and Other Nervous System','Female','All Races and Ethnicities',2020,5.4,85,1462265),(1051,'Tennessee','Brain and Other Nervous System','Female','All Races and Ethnicities',2020,5.4,227,3528814),(1052,'New York','Brain and Other Nervous System','Female','All Races and Ethnicities',2020,5.4,622,9946279),(1053,'West Virginia','Brain and Other Nervous System','Female','All Races and Ethnicities',2020,5.5,63,900511),(1054,'New Jersey','Brain and Other Nervous System','Female','All Races and Ethnicities',2020,5.5,298,4539322),(1055,'Minnesota','Brain and Other Nervous System','Female','All Races and Ethnicities',2020,5.5,177,2838748),(1056,'Wisconsin','Brain and Other Nervous System','Female','All Races and Ethnicities',2020,5.5,201,2928939),(1057,'Maryland','Brain and Other Nervous System','Female','All Races and Ethnicities',2020,5.6,210,3123228),(1058,'Kentucky','Brain and Other Nervous System','Female','All Races and Ethnicities',2020,5.6,155,2271906),(1059,'Washington','Brain and Other Nervous System','Female','All Races and Ethnicities',2020,5.6,240,3840014),(1060,'Iowa','Brain and Other Nervous System','Female','All Races and Ethnicities',2020,5.7,110,1587866),(1061,'Missouri','Brain and Other Nervous System','Female','All Races and Ethnicities',2020,5.7,211,3133825),(1062,'Vermont','Brain and Other Nervous System','Female','All Races and Ethnicities',2020,5.8,26,315355),(1063,'Wyoming','Brain and Other Nervous System','Female','All Races and Ethnicities',2020,5.8,19,285437),(1064,'Maine','Brain and Other Nervous System','Female','All Races and Ethnicities',2020,5.8,56,688840),(1065,'Utah','Brain and Other Nervous System','Female','All Races and Ethnicities',2020,5.9,93,1612139),(1066,'Alabama','Brain and Other Nervous System','Female','All Races and Ethnicities',2020,6.3,194,2544566),(1067,'Utah','Colon and Rectum','Male and Female','All Races and Ethnicities',2020,27.2,793,3249879),(1068,'Colorado','Colon and Rectum','Male and Female','All Races and Ethnicities',2020,27.4,1772,5807719),(1069,'Delaware','Colon and Rectum','Male and Female','All Races and Ethnicities',2020,27.5,368,986809),(1070,'Arizona','Colon and Rectum','Male and Female','All Races and Ethnicities',2020,27.6,2562,7421401),(1071,'Vermont','Colon and Rectum','Male and Female','All Races and Ethnicities',2020,27.9,239,623347),(1072,'Massachusetts','Colon and Rectum','Male and Female','All Races and Ethnicities',2020,28.5,2436,6893574),(1073,'Oregon','Colon and Rectum','Male and Female','All Races and Ethnicities',2020,28.8,1523,4241507),(1074,'Rhode Island','Colon and Rectum','Male and Female','All Races and Ethnicities',2020,29.2,399,1057125),(1075,'District of Columbia','Colon and Rectum','Male and Female','All Races and Ethnicities',2020,29.5,204,712816),(1076,'Virginia','Colon and Rectum','Male and Female','All Races and Ethnicities',2020,29.9,3052,8590563),(1077,'California','Colon and Rectum','Male and Female','All Races and Ethnicities',2020,30,13447,39368078),(1078,'New Mexico','Colon and Rectum','Male and Female','All Races and Ethnicities',2020,30,780,2106319),(1079,'Michigan','Colon and Rectum','Male and Female','All Races and Ethnicities',2020,30,3803,9966555),(1080,'Washington','Colon and Rectum','Male and Female','All Races and Ethnicities',2020,30.1,2650,7693612),(1081,'Wisconsin','Colon and Rectum','Male and Female','All Races and Ethnicities',2020,30.5,2245,5832655),(1082,'North Carolina','Colon and Rectum','Male and Female','All Races and Ethnicities',2020,30.6,3963,10600823),(1083,'Connecticut','Colon and Rectum','Male and Female','All Races and Ethnicities',2020,30.7,1416,3557006),(1084,'New Hampshire','Colon and Rectum','Male and Female','All Races and Ethnicities',2020,30.8,555,1366275),(1085,'Puerto Rico','Colon and Rectum','Male and Female','All Races and Ethnicities',2020,30.8,1467,3281538),(1086,'South Carolina','Colon and Rectum','Male and Female','All Races and Ethnicities',2020,31.5,2105,5218040),(1087,'Maryland','Colon and Rectum','Male and Female','All Races and Ethnicities',2020,31.5,2291,6055802),(1088,'Florida','Colon and Rectum','Male and Female','All Races and Ethnicities',2020,32,9865,21733312),(1089,'Minnesota','Colon and Rectum','Male and Female','All Races and Ethnicities',2020,32,2171,5657342),(1090,'Idaho','Colon and Rectum','Male and Female','All Races and Ethnicities',2020,32.3,677,1826913),(1091,'New York','Colon and Rectum','Male and Female','All Races and Ethnicities',2020,32.8,7981,19336776),(1092,'Maine','Colon and Rectum','Male and Female','All Races and Ethnicities',2020,32.9,629,1350141),(1093,'Texas','Colon and Rectum','Male and Female','All Races and Ethnicities',2020,33.2,10122,29360759),(1094,'Pennsylvania','Colon and Rectum','Male and Female','All Races and Ethnicities',2020,33.3,5688,12783254),(1095,'Wyoming','Colon and Rectum','Male and Female','All Races and Ethnicities',2020,33.7,235,582328),(1096,'North Dakota','Colon and Rectum','Male and Female','All Races and Ethnicities',2020,34.2,302,765309),(1097,'Oklahoma','Colon and Rectum','Male and Female','All Races and Ethnicities',2020,34.4,1613,3980783),(1098,'Illinois','Colon and Rectum','Male and Female','All Races and Ethnicities',2020,34.5,5292,12587530),(1099,'Ohio','Colon and Rectum','Male and Female','All Races and Ethnicities',2020,35,5171,11693217),(1100,'Kansas','Colon and Rectum','Male and Female','All Races and Ethnicities',2020,35.2,1219,2913805),(1101,'Missouri','Colon and Rectum','Male and Female','All Races and Ethnicities',2020,35.3,2706,6151548),(1102,'Nebraska','Colon and Rectum','Male and Female','All Races and Ethnicities',2020,35.5,792,1937552),(1103,'New Jersey','Colon and Rectum','Male and Female','All Races and Ethnicities',2020,35.5,3971,8882371),(1104,'Montana','Colon and Rectum','Male and Female','All Races and Ethnicities',2020,35.6,499,1080577),(1105,'South Dakota','Colon and Rectum','Male and Female','All Races and Ethnicities',2020,35.6,382,892717),(1106,'Arkansas','Colon and Rectum','Male and Female','All Races and Ethnicities',2020,35.6,1325,3030522),(1107,'Iowa','Colon and Rectum','Male and Female','All Races and Ethnicities',2020,35.7,1412,3163561),(1108,'Georgia','Colon and Rectum','Male and Female','All Races and Ethnicities',2020,35.9,4336,10710017),(1109,'Tennessee','Colon and Rectum','Male and Female','All Races and Ethnicities',2020,36.3,3061,6886834),(1110,'Hawaii','Colon and Rectum','Male and Female','All Races and Ethnicities',2020,36.8,660,1407006),(1111,'Alabama','Colon and Rectum','Male and Female','All Races and Ethnicities',2020,37,2281,4921532),(1112,'Mississippi','Colon and Rectum','Male and Female','All Races and Ethnicities',2020,39.4,1437,2966786),(1113,'Louisiana','Colon and Rectum','Male and Female','All Races and Ethnicities',2020,39.5,2203,4645318),(1114,'Alaska','Colon and Rectum','Male and Female','All Races and Ethnicities',2020,40.8,305,731158),(1115,'West Virginia','Colon and Rectum','Male and Female','All Races and Ethnicities',2020,40.8,1023,1784787),(1116,'Kentucky','Colon and Rectum','Male and Female','All Races and Ethnicities',2020,41.2,2279,4477251),(1117,'Puerto Rico','Esophagus','Male and Female','All Races and Ethnicities',2020,2.8,151,3281538),(1118,'New Mexico','Esophagus','Male and Female','All Races and Ethnicities',2020,3.1,86,2106319),(1119,'California','Esophagus','Male and Female','All Races and Ethnicities',2020,3.4,1608,39368078),(1120,'Utah','Esophagus','Male and Female','All Races and Ethnicities',2020,3.4,108,3249879),(1121,'Maryland','Esophagus','Male and Female','All Races and Ethnicities',2020,3.5,269,6055802),(1122,'Arizona','Esophagus','Male and Female','All Races and Ethnicities',2020,3.5,357,7421401),(1123,'Texas','Esophagus','Male and Female','All Races and Ethnicities',2020,3.5,1126,29360759),(1124,'Hawaii','Esophagus','Male and Female','All Races and Ethnicities',2020,3.8,73,1407006),(1125,'South Dakota','Esophagus','Male and Female','All Races and Ethnicities',2020,3.9,48,892717),(1126,'New York','Esophagus','Male and Female','All Races and Ethnicities',2020,3.9,1005,19336776),(1127,'Virginia','Esophagus','Male and Female','All Races and Ethnicities',2020,3.9,428,8590563),(1128,'Colorado','Esophagus','Male and Female','All Races and Ethnicities',2020,4.1,283,5807719),(1129,'New Jersey','Esophagus','Male and Female','All Races and Ethnicities',2020,4.1,482,8882371),(1130,'Delaware','Esophagus','Male and Female','All Races and Ethnicities',2020,4.1,57,986809),(1131,'Idaho','Esophagus','Male and Female','All Races and Ethnicities',2020,4.1,93,1826913),(1132,'Washington','Esophagus','Male and Female','All Races and Ethnicities',2020,4.1,395,7693612),(1133,'South Carolina','Esophagus','Male and Female','All Races and Ethnicities',2020,4.2,307,5218040),(1134,'North Carolina','Esophagus','Male and Female','All Races and Ethnicities',2020,4.2,577,10600823),(1135,'Georgia','Esophagus','Male and Female','All Races and Ethnicities',2020,4.2,533,10710017),(1136,'Florida','Esophagus','Male and Female','All Races and Ethnicities',2020,4.2,1404,21733312),(1137,'Oregon','Esophagus','Male and Female','All Races and Ethnicities',2020,4.2,240,4241507),(1138,'Mississippi','Esophagus','Male and Female','All Races and Ethnicities',2020,4.2,167,2966786),(1139,'Connecticut','Esophagus','Male and Female','All Races and Ethnicities',2020,4.3,213,3557006),(1140,'Tennessee','Esophagus','Male and Female','All Races and Ethnicities',2020,4.3,386,6886834),(1141,'Montana','Esophagus','Male and Female','All Races and Ethnicities',2020,4.4,69,1080577),(1142,'Kansas','Esophagus','Male and Female','All Races and Ethnicities',2020,4.4,158,2913805),(1143,'Alabama','Esophagus','Male and Female','All Races and Ethnicities',2020,4.5,298,4921532),(1144,'North Dakota','Esophagus','Male and Female','All Races and Ethnicities',2020,4.5,42,765309),(1145,'Oklahoma','Esophagus','Male and Female','All Races and Ethnicities',2020,4.5,221,3980783),(1146,'Arkansas','Esophagus','Male and Female','All Races and Ethnicities',2020,4.6,183,3030522),(1147,'District of Columbia','Esophagus','Male and Female','All Races and Ethnicities',2020,4.6,32,712816),(1148,'Nebraska','Esophagus','Male and Female','All Races and Ethnicities',2020,4.7,115,1937552),(1149,'Massachusetts','Esophagus','Male and Female','All Races and Ethnicities',2020,4.7,443,6893574),(1150,'Michigan','Esophagus','Male and Female','All Races and Ethnicities',2020,4.7,650,9966555),(1151,'Missouri','Esophagus','Male and Female','All Races and Ethnicities',2020,4.7,396,6151548),(1152,'Louisiana','Esophagus','Male and Female','All Races and Ethnicities',2020,4.8,281,4645318),(1153,'Pennsylvania','Esophagus','Male and Female','All Races and Ethnicities',2020,4.9,895,12783254),(1154,'Illinois','Esophagus','Male and Female','All Races and Ethnicities',2020,4.9,794,12587530),(1155,'Wyoming','Esophagus','Male and Female','All Races and Ethnicities',2020,5,39,582328),(1156,'Vermont','Esophagus','Male and Female','All Races and Ethnicities',2020,5.1,48,623347),(1157,'Rhode Island','Esophagus','Male and Female','All Races and Ethnicities',2020,5.1,73,1057125),(1158,'Iowa','Esophagus','Male and Female','All Races and Ethnicities',2020,5.2,224,3163561),(1159,'Minnesota','Esophagus','Male and Female','All Races and Ethnicities',2020,5.2,373,5657342),(1160,'Ohio','Esophagus','Male and Female','All Races and Ethnicities',2020,5.3,857,11693217),(1161,'Wisconsin','Esophagus','Male and Female','All Races and Ethnicities',2020,5.3,422,5832655),(1162,'Alaska','Esophagus','Male and Female','All Races and Ethnicities',2020,5.4,43,731158),(1163,'Kentucky','Esophagus','Male and Female','All Races and Ethnicities',2020,5.4,317,4477251),(1164,'New Hampshire','Esophagus','Male and Female','All Races and Ethnicities',2020,5.6,117,1366275),(1165,'West Virginia','Esophagus','Male and Female','All Races and Ethnicities',2020,6.9,180,1784787),(1166,'Maine','Esophagus','Male and Female','All Races and Ethnicities',2020,6.9,146,1350141),(1167,'Hawaii','Hodgkin Lymphoma','Male and Female','All Races and Ethnicities',2020,1.7,25,1407006),(1168,'New Hampshire','Hodgkin Lymphoma','Male and Female','All Races and Ethnicities',2020,1.7,24,1366275),(1169,'Colorado','Hodgkin Lymphoma','Male and Female','All Races and Ethnicities',2020,1.8,105,5807719),(1170,'Delaware','Hodgkin Lymphoma','Male and Female','All Races and Ethnicities',2020,1.8,18,986809),(1171,'Oregon','Hodgkin Lymphoma','Male and Female','All Races and Ethnicities',2020,2,92,4241507),(1172,'Arizona','Hodgkin Lymphoma','Male and Female','All Races and Ethnicities',2020,2,154,7421401),(1173,'West Virginia','Hodgkin Lymphoma','Male and Female','All Races and Ethnicities',2020,2,39,1784787),(1174,'Puerto Rico','Hodgkin Lymphoma','Male and Female','All Races and Ethnicities',2020,2,69,3281538),(1175,'California','Hodgkin Lymphoma','Male and Female','All Races and Ethnicities',2020,2.1,843,39368078),(1176,'Nebraska','Hodgkin Lymphoma','Male and Female','All Races and Ethnicities',2020,2.1,42,1937552),(1177,'Tennessee','Hodgkin Lymphoma','Male and Female','All Races and Ethnicities',2020,2.1,146,6886834),(1178,'Virginia','Hodgkin Lymphoma','Male and Female','All Races and Ethnicities',2020,2.1,184,8590563),(1179,'Mississippi','Hodgkin Lymphoma','Male and Female','All Races and Ethnicities',2020,2.1,65,2966786),(1180,'New Mexico','Hodgkin Lymphoma','Male and Female','All Races and Ethnicities',2020,2.2,47,2106319),(1181,'Oklahoma','Hodgkin Lymphoma','Male and Female','All Races and Ethnicities',2020,2.2,87,3980783),(1182,'Texas','Hodgkin Lymphoma','Male and Female','All Races and Ethnicities',2020,2.2,652,29360759),(1183,'Washington','Hodgkin Lymphoma','Male and Female','All Races and Ethnicities',2020,2.2,171,7693612),(1184,'Alabama','Hodgkin Lymphoma','Male and Female','All Races and Ethnicities',2020,2.3,115,4921532),(1185,'Kentucky','Hodgkin Lymphoma','Male and Female','All Races and Ethnicities',2020,2.3,106,4477251),(1186,'Missouri','Hodgkin Lymphoma','Male and Female','All Races and Ethnicities',2020,2.3,149,6151548),(1187,'Minnesota','Hodgkin Lymphoma','Male and Female','All Races and Ethnicities',2020,2.3,128,5657342),(1188,'North Carolina','Hodgkin Lymphoma','Male and Female','All Races and Ethnicities',2020,2.4,270,10600823),(1189,'Kansas','Hodgkin Lymphoma','Male and Female','All Races and Ethnicities',2020,2.4,75,2913805),(1190,'South Dakota','Hodgkin Lymphoma','Male and Female','All Races and Ethnicities',2020,2.4,23,892717),(1191,'Massachusetts','Hodgkin Lymphoma','Male and Female','All Races and Ethnicities',2020,2.4,174,6893574),(1192,'Idaho','Hodgkin Lymphoma','Male and Female','All Races and Ethnicities',2020,2.4,45,1826913),(1193,'Montana','Hodgkin Lymphoma','Male and Female','All Races and Ethnicities',2020,2.5,30,1080577),(1194,'Alaska','Hodgkin Lymphoma','Male and Female','All Races and Ethnicities',2020,2.5,18,731158),(1195,'Maryland','Hodgkin Lymphoma','Male and Female','All Races and Ethnicities',2020,2.5,150,6055802),(1196,'Georgia','Hodgkin Lymphoma','Male and Female','All Races and Ethnicities',2020,2.5,271,10710017),(1197,'Utah','Hodgkin Lymphoma','Male and Female','All Races and Ethnicities',2020,2.5,81,3249879),(1198,'Ohio','Hodgkin Lymphoma','Male and Female','All Races and Ethnicities',2020,2.5,303,11693217),(1199,'Louisiana','Hodgkin Lymphoma','Male and Female','All Races and Ethnicities',2020,2.5,118,4645318),(1200,'Wisconsin','Hodgkin Lymphoma','Male and Female','All Races and Ethnicities',2020,2.5,150,5832655),(1201,'South Carolina','Hodgkin Lymphoma','Male and Female','All Races and Ethnicities',2020,2.6,143,5218040),(1202,'Iowa','Hodgkin Lymphoma','Male and Female','All Races and Ethnicities',2020,2.6,86,3163561),(1203,'Florida','Hodgkin Lymphoma','Male and Female','All Races and Ethnicities',2020,2.6,612,21733312),(1204,'Pennsylvania','Hodgkin Lymphoma','Male and Female','All Races and Ethnicities',2020,2.6,344,12783254),(1205,'Michigan','Hodgkin Lymphoma','Male and Female','All Races and Ethnicities',2020,2.6,259,9966555),(1206,'Connecticut','Hodgkin Lymphoma','Male and Female','All Races and Ethnicities',2020,2.7,100,3557006),(1207,'Illinois','Hodgkin Lymphoma','Male and Female','All Races and Ethnicities',2020,2.7,357,12587530),(1208,'Arkansas','Hodgkin Lymphoma','Male and Female','All Races and Ethnicities',2020,2.8,83,3030522),(1209,'New York','Hodgkin Lymphoma','Male and Female','All Races and Ethnicities',2020,2.8,557,19336776),(1210,'Maine','Hodgkin Lymphoma','Male and Female','All Races and Ethnicities',2020,2.8,39,1350141),(1211,'Vermont','Hodgkin Lymphoma','Male and Female','All Races and Ethnicities',2020,3,21,623347),(1212,'New Jersey','Hodgkin Lymphoma','Male and Female','All Races and Ethnicities',2020,3.2,286,8882371),(1213,'Rhode Island','Hodgkin Lymphoma','Male and Female','All Races and Ethnicities',2020,3.3,36,1057125),(1214,'North Dakota','Stomach','Male and Female','All Races and Ethnicities',2020,3.9,37,765309),(1215,'Wyoming','Stomach','Male and Female','All Races and Ethnicities',2020,3.9,31,582328),(1216,'South Dakota','Stomach','Male and Female','All Races and Ethnicities',2020,4,46,892717),(1217,'Montana','Stomach','Male and Female','All Races and Ethnicities',2020,4.1,60,1080577),(1218,'Iowa','Stomach','Male and Female','All Races and Ethnicities',2020,4.2,171,3163561),(1219,'Colorado','Stomach','Male and Female','All Races and Ethnicities',2020,4.3,283,5807719),(1220,'Nebraska','Stomach','Male and Female','All Races and Ethnicities',2020,4.3,103,1937552),(1221,'Kansas','Stomach','Male and Female','All Races and Ethnicities',2020,4.5,159,2913805),(1222,'Utah','Stomach','Male and Female','All Races and Ethnicities',2020,4.5,132,3249879),(1223,'Oregon','Stomach','Male and Female','All Races and Ethnicities',2020,4.5,250,4241507),(1224,'Arizona','Stomach','Male and Female','All Races and Ethnicities',2020,4.6,442,7421401),(1225,'Idaho','Stomach','Male and Female','All Races and Ethnicities',2020,4.6,97,1826913),(1226,'Oklahoma','Stomach','Male and Female','All Races and Ethnicities',2020,4.7,228,3980783),(1227,'New Hampshire','Stomach','Male and Female','All Races and Ethnicities',2020,4.7,91,1366275),(1228,'Missouri','Stomach','Male and Female','All Races and Ethnicities',2020,4.8,368,6151548),(1229,'Virginia','Stomach','Male and Female','All Races and Ethnicities',2020,4.9,518,8590563),(1230,'Arkansas','Stomach','Male and Female','All Races and Ethnicities',2020,5,197,3030522),(1231,'Florida','Stomach','Male and Female','All Races and Ethnicities',2020,5.1,1653,21733312),(1232,'Ohio','Stomach','Male and Female','All Races and Ethnicities',2020,5.1,785,11693217),(1233,'West Virginia','Stomach','Male and Female','All Races and Ethnicities',2020,5.1,133,1784787),(1234,'Washington','Stomach','Male and Female','All Races and Ethnicities',2020,5.1,476,7693612),(1235,'Alabama','Stomach','Male and Female','All Races and Ethnicities',2020,5.2,327,4921532),(1236,'Michigan','Stomach','Male and Female','All Races and Ethnicities',2020,5.2,676,9966555),(1237,'Minnesota','Stomach','Male and Female','All Races and Ethnicities',2020,5.2,366,5657342),(1238,'North Carolina','Stomach','Male and Female','All Races and Ethnicities',2020,5.3,708,10600823),(1239,'New Mexico','Stomach','Male and Female','All Races and Ethnicities',2020,5.3,146,2106319),(1240,'Tennessee','Stomach','Male and Female','All Races and Ethnicities',2020,5.3,464,6886834),(1241,'Wisconsin','Stomach','Male and Female','All Races and Ethnicities',2020,5.3,416,5832655),(1242,'Puerto Rico','Stomach','Male and Female','All Races and Ethnicities',2020,5.3,267,3281538),(1243,'Massachusetts','Stomach','Male and Female','All Races and Ethnicities',2020,5.4,478,6893574),(1244,'Vermont','Stomach','Male and Female','All Races and Ethnicities',2020,5.4,49,623347),(1245,'Maryland','Stomach','Male and Female','All Races and Ethnicities',2020,5.5,413,6055802),(1246,'Pennsylvania','Stomach','Male and Female','All Races and Ethnicities',2020,5.5,964,12783254),(1247,'Rhode Island','Stomach','Male and Female','All Races and Ethnicities',2020,5.5,75,1057125),(1248,'South Carolina','Stomach','Male and Female','All Races and Ethnicities',2020,5.6,389,5218040),(1249,'Maine','Stomach','Male and Female','All Races and Ethnicities',2020,5.7,121,1350141),(1250,'Mississippi','Stomach','Male and Female','All Races and Ethnicities',2020,5.7,213,2966786),(1251,'Delaware','Stomach','Male and Female','All Races and Ethnicities',2020,5.8,77,986809),(1252,'Kentucky','Stomach','Male and Female','All Races and Ethnicities',2020,5.8,316,4477251),(1253,'District of Columbia','Stomach','Male and Female','All Races and Ethnicities',2020,5.9,43,712816),(1254,'Texas','Stomach','Male and Female','All Races and Ethnicities',2020,5.9,1812,29360759),(1255,'Alaska','Stomach','Male and Female','All Races and Ethnicities',2020,6,49,731158),(1256,'Illinois','Stomach','Male and Female','All Races and Ethnicities',2020,6,949,12587530),(1257,'Louisiana','Stomach','Male and Female','All Races and Ethnicities',2020,6.2,356,4645318),(1258,'Georgia','Stomach','Male and Female','All Races and Ethnicities',2020,6.3,773,10710017),(1259,'New Jersey','Stomach','Male and Female','All Races and Ethnicities',2020,6.3,717,8882371),(1260,'Connecticut','Stomach','Male and Female','All Races and Ethnicities',2020,6.6,313,3557006),(1261,'California','Stomach','Male and Female','All Races and Ethnicities',2020,6.6,3008,39368078),(1262,'Hawaii','Stomach','Male and Female','All Races and Ethnicities',2020,6.9,136,1407006),(1263,'New York','Stomach','Male and Female','All Races and Ethnicities',2020,7.4,1811,19336776);
/*!40000 ALTER TABLE `incidencerate` ENABLE KEYS */;
UNLOCK TABLES;

--
-- Table structure for table `patient`
--

DROP TABLE IF EXISTS `patient`;
/*!40101 SET @saved_cs_client     = @@character_set_client */;
/*!50503 SET character_set_client = utf8mb4 */;
CREATE TABLE `patient` (
  `id` int NOT NULL AUTO_INCREMENT,
  `name` varchar(64) NOT NULL,
  `age` int NOT NULL,
  `groupID` int NOT NULL,
  PRIMARY KEY (`id`),
  KEY `groupID` (`groupID`),
  CONSTRAINT `patient_ibfk_1` FOREIGN KEY (`groupID`) REFERENCES `demographicgroup` (`groupID`) ON DELETE CASCADE ON UPDATE CASCADE
) ENGINE=InnoDB AUTO_INCREMENT=11 DEFAULT CHARSET=utf8mb4 COLLATE=utf8mb4_0900_ai_ci;
/*!40101 SET character_set_client = @saved_cs_client */;

--
-- Dumping data for table `patient`
--

LOCK TABLES `patient` WRITE;
/*!40000 ALTER TABLE `patient` DISABLE KEYS */;
INSERT INTO `patient` VALUES (1,'Paul Heyman',54,7),(2,'Kaitlin English',61,12),(3,'Brock Lesnar',35,9),(4,'Marvin Figueroa',42,8),(5,'John Cena',42,16),(6,'Marley Bowers',57,17),(7,'John Doe',29,7),(8,'John Kramer',44,10),(9,'Alannah Maynard',82,14),(10,'Destiny Pierre',39,13);
/*!40000 ALTER TABLE `patient` ENABLE KEYS */;
UNLOCK TABLES;

--
-- Table structure for table `professional`
--

DROP TABLE IF EXISTS `professional`;
/*!40101 SET @saved_cs_client     = @@character_set_client */;
/*!50503 SET character_set_client = utf8mb4 */;
CREATE TABLE `professional` (
  `id` int NOT NULL AUTO_INCREMENT,
  `name` varchar(64) NOT NULL,
  `age` int NOT NULL,
  `specialization` varchar(64) NOT NULL,
  `gender` varchar(64) NOT NULL,
  PRIMARY KEY (`id`)
) ENGINE=InnoDB AUTO_INCREMENT=11 DEFAULT CHARSET=utf8mb4 COLLATE=utf8mb4_0900_ai_ci;
/*!40101 SET character_set_client = @saved_cs_client */;

--
-- Dumping data for table `professional`
--

LOCK TABLES `professional` WRITE;
/*!40000 ALTER TABLE `professional` DISABLE KEYS */;
INSERT INTO `professional` VALUES (1,'Liam James',29,'Surgical oncologist','Male'),(2,'Jack Davis',34,'Gastroenterologist','Male'),(3,'Noah Boat',51,'Radiation oncologist','Male'),(4,'William Henricks',33,'Medical oncologist','Male'),(5,'Olivia Rodrigo',28,'Surgical oncologist','Female'),(6,'Sophia Hardin',28,'Radiation oncologist','Female'),(7,'Amelia Deigo',31,'Surgical oncologist','Female'),(8,'Ava Martinez',27,'Medical oncologist','Female'),(9,'Mia Cilly',44,'Surgical oncologist','Female'),(10,'Luna Wang',32,'Pathologist','Female');
/*!40000 ALTER TABLE `professional` ENABLE KEYS */;
UNLOCK TABLES;

--
-- Table structure for table `report`
--

DROP TABLE IF EXISTS `report`;
/*!40101 SET @saved_cs_client     = @@character_set_client */;
/*!50503 SET character_set_client = utf8mb4 */;
CREATE TABLE `report` (
  `id` int NOT NULL AUTO_INCREMENT,
  `time_stamp` timestamp NOT NULL,
  `professional` int NOT NULL,
  `patient` int NOT NULL,
  `cancer_type` varchar(64) DEFAULT NULL,
  PRIMARY KEY (`id`),
  KEY `professional` (`professional`),
  KEY `cancer_type` (`cancer_type`),
  KEY `patient` (`patient`),
  CONSTRAINT `report_ibfk_1` FOREIGN KEY (`professional`) REFERENCES `professional` (`id`) ON DELETE CASCADE ON UPDATE CASCADE,
  CONSTRAINT `report_ibfk_2` FOREIGN KEY (`cancer_type`) REFERENCES `cancertype` (`name`) ON DELETE CASCADE ON UPDATE CASCADE,
  CONSTRAINT `report_ibfk_3` FOREIGN KEY (`patient`) REFERENCES `patient` (`id`) ON DELETE CASCADE ON UPDATE CASCADE
) ENGINE=InnoDB AUTO_INCREMENT=11 DEFAULT CHARSET=utf8mb4 COLLATE=utf8mb4_0900_ai_ci;
/*!40101 SET character_set_client = @saved_cs_client */;

--
-- Dumping data for table `report`
--

LOCK TABLES `report` WRITE;
/*!40000 ALTER TABLE `report` DISABLE KEYS */;
INSERT INTO `report` VALUES (1,'2011-09-21 03:00:00',1,5,'Stomach'),(2,'2022-05-08 18:30:45',3,3,'Brain and Other Nervous System'),(3,'2020-04-04 21:55:00',1,2,'Colon and Rectum'),(4,'2020-06-21 13:00:04',6,7,'Esophagus'),(5,'2020-10-29 23:30:00',8,8,'Hodgkin Lymphoma'),(6,'2020-05-03 16:00:00',3,9,'Esophagus'),(7,'2020-12-21 23:01:33',2,1,'Colon and Rectum'),(8,'2020-09-17 07:30:00',8,10,'Colon and Rectum'),(9,'2020-03-03 09:45:21',9,4,'Stomach'),(10,'2020-03-15 01:21:00',10,6,'Esophagus');
/*!40000 ALTER TABLE `report` ENABLE KEYS */;
UNLOCK TABLES;

--
-- Table structure for table `state`
--

DROP TABLE IF EXISTS `state`;
/*!40101 SET @saved_cs_client     = @@character_set_client */;
/*!50503 SET character_set_client = utf8mb4 */;
CREATE TABLE `state` (
  `sname` varchar(64) NOT NULL,
  PRIMARY KEY (`sname`)
) ENGINE=InnoDB DEFAULT CHARSET=utf8mb4 COLLATE=utf8mb4_0900_ai_ci;
/*!40101 SET character_set_client = @saved_cs_client */;

--
-- Dumping data for table `state`
--

LOCK TABLES `state` WRITE;
/*!40000 ALTER TABLE `state` DISABLE KEYS */;
INSERT INTO `state` VALUES ('Alabama'),('Alaska'),('Arizona'),('Arkansas'),('California'),('Colorado'),('Connecticut'),('Delaware'),('District of Columbia'),('Florida'),('Georgia'),('Hawaii'),('Idaho'),('Illinois'),('Indiana'),('Iowa'),('Kansas'),('Kentucky'),('Louisiana'),('Maine'),('Maryland'),('Massachusetts'),('Michigan'),('Minnesota'),('Mississippi'),('Missouri'),('Montana'),('Nebraska'),('Nevada'),('New Hampshire'),('New Jersey'),('New Mexico'),('New York'),('North Carolina'),('North Dakota'),('Ohio'),('Oklahoma'),('Oregon'),('Pennsylvania'),('Puerto Rico'),('Rhode Island'),('South Carolina'),('South Dakota'),('Tennessee'),('Texas'),('Utah'),('Vermont'),('Virginia'),('Washington'),('West Virginia'),('Wisconsin'),('Wyoming');
/*!40000 ALTER TABLE `state` ENABLE KEYS */;
UNLOCK TABLES;

--
-- Table structure for table `user_action`
--

DROP TABLE IF EXISTS `user_action`;
/*!40101 SET @saved_cs_client     = @@character_set_client */;
/*!50503 SET character_set_client = utf8mb4 */;
CREATE TABLE `user_action` (
  `a_type` int NOT NULL AUTO_INCREMENT,
  `role_requirement` int DEFAULT NULL,
  `action_description` varchar(200) NOT NULL,
  PRIMARY KEY (`a_type`)
) ENGINE=InnoDB DEFAULT CHARSET=utf8mb4 COLLATE=utf8mb4_0900_ai_ci;
/*!40101 SET character_set_client = @saved_cs_client */;

--
-- Dumping data for table `user_action`
--

LOCK TABLES `user_action` WRITE;
/*!40000 ALTER TABLE `user_action` DISABLE KEYS */;
/*!40000 ALTER TABLE `user_action` ENABLE KEYS */;
UNLOCK TABLES;

--
-- Table structure for table `users`
--

DROP TABLE IF EXISTS `users`;
/*!40101 SET @saved_cs_client     = @@character_set_client */;
/*!50503 SET character_set_client = utf8mb4 */;
CREATE TABLE `users` (
  `username` varchar(50) NOT NULL,
  `password_hash` varchar(255) NOT NULL,
  `role` varchar(50) NOT NULL,
  PRIMARY KEY (`username`)
) ENGINE=InnoDB DEFAULT CHARSET=utf8mb4 COLLATE=utf8mb4_0900_ai_ci;
/*!40101 SET character_set_client = @saved_cs_client */;

--
-- Dumping data for table `users`
--

LOCK TABLES `users` WRITE;
/*!40000 ALTER TABLE `users` DISABLE KEYS */;
/*!40000 ALTER TABLE `users` ENABLE KEYS */;
UNLOCK TABLES;
/*!40103 SET TIME_ZONE=@OLD_TIME_ZONE */;

/*!40101 SET SQL_MODE=@OLD_SQL_MODE */;
/*!40014 SET FOREIGN_KEY_CHECKS=@OLD_FOREIGN_KEY_CHECKS */;
/*!40014 SET UNIQUE_CHECKS=@OLD_UNIQUE_CHECKS */;
/*!40101 SET CHARACTER_SET_CLIENT=@OLD_CHARACTER_SET_CLIENT */;
/*!40101 SET CHARACTER_SET_RESULTS=@OLD_CHARACTER_SET_RESULTS */;
/*!40101 SET COLLATION_CONNECTION=@OLD_COLLATION_CONNECTION */;
/*!40111 SET SQL_NOTES=@OLD_SQL_NOTES */;

-- Dump completed on 2023-12-06 18:20:10
